ticker,entity,stage,status,fcf_positive_streak,fcf_cv,gross_margin_latest,roic_avg,asset_cagr,rev_cagr,net_debt_ebitda,pe,fcf_yield,score,reason
ABNB,"Airbnb, Inc.",L3,data_incomplete,,,0.8295890858589985,2.4273999154505352,0.11460181660615687,0.13378255972989694,-2.9225848422422205,,,,missing: consecutive positive FCF
AOS,A. O. Smith Corporation,L3,data_incomplete,15,0.2158755253156624,0.38833481280350896,0.302698626584459,,,-0.023964606120191717,,,,"missing: asset growth, revenue growth"
APA,APA CORPORATION,L3,data_incomplete,0,,,,0.10546988755729658,,,,,,"missing: margin, ROIC, revenue growth"
BKNG,Booking Holdings Inc.,L3,data_incomplete,5,0.5696879267550927,,,0.04887186983161329,0.1634869878187224,0.16225656223539373,,,,missing: ROIC
CAH,"Cardinal Health, Inc.",L3,data_incomplete,15,0.22458679679584664,0.03669724770642202,,0.06580036482458129,0.07064062058507758,-1.2639477977161502,,,,missing: ROIC
CASY,"CASEY’S GENERAL STORES, INC.",L3,data_incomplete,8,0.4461878356530798,,,0.14561877959347735,0.05174690514849711,,,,,"missing: margin, ROIC"
CI,The Cigna Group,L3,data_incomplete,,,0.21793015642051655,0.18115012257140853,0.03139655156079213,0.15049926643670242,0.07631309686221009,,,,missing: consecutive positive FCF
CMS,CMS ENERGY CORP,L3,data_incomplete,,,,0.05084426847513267,0.08404325242592581,-0.0006013230554011706,5.977872340425532,,,,missing: consecutive positive FCF
COIN,"Coinbase Global, Inc.",L3,data_incomplete,,,,0.17087014609464746,-0.3084708318449725,0.3100276522124539,,,,,missing: consecutive positive FCF
COP,CONOCOPHILLIPS,L3,data_incomplete,,,0.5692150355047855,0.24585068792298898,0.09127744837588114,-0.05314358606609759,-0.1653392451487533,,,,missing: consecutive positive FCF
CRWD,"CROWDSTRIKE HOLDINGS, INC.",L3,data_incomplete,6,0.61390137608289,0.7466899972049074,,,,,,,,"missing: ROIC, asset growth, revenue growth"
CVX,Chevron Corp,L3,data_incomplete,9,0.5594879831253803,0.4132580029495966,,0.07930412373145379,-0.07852874895364959,,,,,missing: ROIC
D,"DOMINION ENERGY, INC",L3,data_incomplete,,,,0.04997927117126767,0.0358378884785544,-0.023135742091567435,-0.032114528922422135,,,,missing: consecutive positive FCF
DHI,"D.R. Horton, Inc.",L3,data_incomplete,11,0.7646739011543113,0.23696657557284004,,0.05333653622893886,0.007612158904120037,,,,,missing: ROIC
DOW,DOW INC.,L3,data_incomplete,0,0.8455899214996082,0.06337570056044836,,-0.01148957841350895,-0.11108214737616817,,,,,missing: ROIC
DPZ,"Domino’s Pizza, Inc.",L3,data_incomplete,14,0.23377275438749945,0.3995065581051313,,0.008823024458412432,0.04271885752121252,-0.10642011275401539,,,,missing: ROIC
DVA,DAVITA INC.,L3,data_incomplete,17,0.12269653324311583,,,0.01075048243067811,0.055264367135682946,-0.24581057151381225,,,,missing: ROIC
DVN,DEVON ENERGY CORP/DE,L3,data_incomplete,11,0.5485402701208394,,,0.10030591709350789,-0.05398779958164146,,,,,"missing: margin, ROIC"
ED,CONSOLIDATED EDISON INC,L3,data_incomplete,,,,0.05268624108083478,0.026044252498697906,0.03326083270830171,4.734829059829059,,,,missing: consecutive positive FCF
EMR,EMERSON ELECTRIC CO.,L3,data_incomplete,17,0.37166452920300813,0.528363676731794,,0.05564154346388728,-0.02817798574906749,,,,,missing: ROIC
FCX,Freeport-McMoRan Inc.,L3,data_incomplete,5,1.0486998393586002,0.26077979830064324,0.1736366564667505,,,0.6339876740470213,,,,"missing: asset growth, revenue growth"
FDXF,"FedEx Freight Holding Company, Inc.",L3,data_incomplete,0,,,,,,,,,,"missing: margin, ROIC, asset growth, revenue growth"
FTNT,"FORTINET, INC.",L3,data_incomplete,15,0.3401388584731762,0.8045620330607682,,0.18598128085179222,0.15461947760091377,-0.6701837528501811,,,,missing: ROIC
GE,GENERAL ELECTRIC CO,L3,data_incomplete,7,0.5678726910862528,,,-0.11499326183781577,-0.15704502337293258,,,,,"missing: margin, ROIC"
HLT,Hilton Worldwide Holdings Inc.,L3,data_incomplete,12,0.4998612368254223,,,0.026414899215580823,0.11125593900582187,-0.31986062717770036,,,,missing: ROIC
HONA,Honeywell Aerospace Inc.,L3,data_incomplete,0,,,,,,,,,,"missing: margin, ROIC, asset growth, revenue growth"
INCY,INCYTE CORPORATION,L3,data_incomplete,,,0.9276186571260407,0.2702861907272585,0.06006437791991037,0.14839595478338863,-4.5596242825913995,,,,missing: consecutive positive FCF
JCI,JOHNSON CONTROLS INTERNATIONAL PLC,L3,data_incomplete,8,0.2452925596356424,0.3641295134768605,,-0.03453775889941724,-0.022961499677696007,,,,,missing: ROIC
LEN,LENNAR CORP /NEW/,L3,data_incomplete,10,0.5891662292397409,,,-0.03221365919635111,-0.0006783988909060401,,,,,"missing: margin, ROIC"
LNT,ALLIANT ENERGY CORP,L3,data_incomplete,,,0.8567171022466759,0.05084477895810548,0.07417777250009538,0.012293745856755134,5.0381488430268915,,,,missing: consecutive positive FCF
LVS,LAS VEGAS SANDS CORP,L3,data_incomplete,3,5.884794901799419,,,-0.0018030888535349732,0.4685532350721122,-0.8970107426436245,,,,missing: ROIC
LYV,"LIVE NATION ENTERTAINMENT, INC.",L3,data_incomplete,5,1.5116605216304284,,,0.11653847861317979,0.14744538940043328,-3.7533682276337252,,,,missing: ROIC
MAR,MARRIOTT INTERNATIONAL INC /MD/,L3,data_incomplete,17,0.3498845588333027,,,0.03534053792761771,0.0802476100443279,,,,,missing: ROIC
NEM,NEWMONT CORPORATION,L3,data_incomplete,12,0.7982078142555783,,,0.14072087432680713,0.23911830284606483,,,,,"missing: margin, ROIC"
NKE,"NIKE, Inc.",L3,data_incomplete,17,0.4335352294291448,0.42913487650329757,,0.007746713117904314,-0.032401823147472864,,,,,missing: ROIC
NVR,"NVR, Inc.",L3,data_incomplete,14,0.25782577243576005,,,0.01140784207746881,-0.006453190419072108,,,,,"missing: margin, ROIC"
NWS,NEWS CORPORATION,L3,data_incomplete,12,0.3193539372061057,,,-0.034404727108304556,-0.06634951064998074,,,,,"missing: margin, ROIC"
NWSA,NEWS CORPORATION,L3,data_incomplete,12,0.3193539372061057,,,-0.034404727108304556,-0.06634951064998074,,,,,"missing: margin, ROIC"
PCAR,PACCAR Inc,L3,data_incomplete,17,0.27029901100147613,0.20067288221397234,,0.10038490938225975,-0.004355093626742135,,,,,missing: ROIC
PHM,"PULTEGROUP, INC.",L3,data_incomplete,10,0.37040856024992963,,,0.06846411508025385,0.021766075711068034,,,,,"missing: margin, ROIC"
PM,Philip Morris International Inc.,L3,data_incomplete,17,0.10924168256408344,0.6711769336744735,,0.0390110820108176,0.08570152245500418,-0.2884888678351492,,,,missing: ROIC
PPL,PPL Corp,L3,data_incomplete,0,,,0.052229621060846165,,,,,,,"missing: asset growth, revenue growth"
PSKY,Paramount Skydance Corporation,L3,data_incomplete,1,,,-0.4944185770281506,,,,,,,"missing: asset growth, revenue growth"
PSX,Phillips 66,L3,data_incomplete,0,,0.12300568078805826,,-0.012192031308796425,-0.0799841840778086,,,,,missing: ROIC
Q,"QNITY ELECTRONICS, INC.",L3,data_incomplete,1,,0.4617164493058477,0.07552957654859829,,,2.287241625089095,,,,"missing: asset growth, revenue growth"
ROP,ROPER TECHNOLOGIES INC,L3,data_incomplete,,,0.6924391015501423,0.05853106213506653,0.08620257768316453,0.13731706743631933,2.595724169218555,,,,missing: consecutive positive FCF
SNDK,Sandisk Corporation,L3,data_incomplete,0,,0.3007477906186268,-0.11350479966611018,,,,,,,"missing: asset growth, revenue growth"
SPGI,S&P Global Inc.,L3,data_incomplete,16,0.3157864051512609,0.7024647887323944,0.11806654516404688,,,1.4813895781637718,,,,"missing: asset growth, revenue growth"
STX,Seagate Technology Holdings plc,L3,data_incomplete,15,0.25054637526647544,0.3517643179070023,0.5026119834618733,,,1.9168612797758058,,,,"missing: asset growth, revenue growth"
TPL,Texas Pacific Land Corporation,L3,data_incomplete,,,,0.9994977839597231,0.22761061808973504,0.061455817167499704,-0.8842808252969189,,,,missing: consecutive positive FCF
VEEV,Veeva Systems Inc.,L3,data_incomplete,,,0.7552604425672493,0.12177533798253269,0.231794521212761,0.14029684526801778,-1.5575539568345325,,,,missing: consecutive positive FCF
VRSN,VERISIGN INC/CA,L3,data_incomplete,17,0.14530579790542805,0.881504285886756,,-0.08545728884268367,0.05150438997980311,-0.2672279118208644,,,,missing: ROIC
VZ,VERIZON COMMUNICATIONS INC,L3,data_incomplete,,,,0.21575614339850963,0.021128272121452296,0.003292396665705022,0.1120183463118369,,,,missing: consecutive positive FCF
WEC,"WEC ENERGY GROUP, INC.",L3,data_incomplete,,,0.6667585024642606,0.05903888179218407,0.07154955535895491,0.006991111598761979,5.066069318629381,,,,missing: consecutive positive FCF
XOM,EXXON MOBIL CORP,L3,data_incomplete,0,,,,,,,,,,"missing: margin, ROIC, asset growth, revenue growth"
YUM,"YUM! BRANDS, INC.",L3,data_incomplete,14,0.13944225646451686,0.6977112247382518,,0.11926272690182604,0.06281386051452831,-0.24136690647482015,,,,missing: ROIC
BF.B,,L1,no_edgar,,,,,,,,,,,No CIK in EDGAR / fetch failed
ADBE,ADOBE INC.,L4,pass_valuation,17,0.24929834690524472,0.8926753334174765,0.419749917895681,0.027821753343251432,0.10522339932516123,0.08179336413271734,12.987993,0.10910770375667965,0.5924,FCF yield 10.9% >= UST 4.6% / P/E 13 <= 30
ADSK,"AUTODESK, INC.",L4,pass_valuation,8,0.36583583013984594,0.9097973910630031,0.38218179118182255,0.09722070794897886,0.12918055811635742,0.14156796390298929,30.86988,0.05403366404449075,0.4136,FCF yield 5.4% >= UST 4.6%
BR,"BROADRIDGE FINANCIAL SOLUTIONS, INC.",L4,pass_valuation,15,0.34031827667115594,0.31017113991668,0.13496947076597046,0.01512128615406394,0.0646289696150486,2.03956643674676,15.509089,0.06722670606643187,0.2837,FCF yield 6.7% >= UST 4.6% / P/E 16 <= 30
CHD,"CHURCH & DWIGHT CO., INC.",L4,pass_valuation,16,0.13500794826201692,0.447317513541398,0.12775264062120373,0.02214466965987305,0.048889197884673496,1.3555471698113208,31.496712,0.04817662974720538,0.3321,FCF yield 4.8% >= UST 4.6%
CL,COLGATE-PALMOLIVE COMPANY,L4,pass_valuation,17,0.18719578596983566,0.6010695711902659,0.36210025149732544,0.01253478305933653,0.042934601917500315,1.7017276422764227,35.077522,0.05018149534976429,0.4155,FCF yield 5.0% >= UST 4.6%
CLX,CLOROX CO /DE/,L4,pass_valuation,16,0.30961053352036905,0.45228040540540543,0.20844931787597773,-0.03342015101032836,-0.00014072614877613798,1.6729241877256318,15.55935,0.06576806983681968,0.3559,FCF yield 6.6% >= UST 4.6% / P/E 16 <= 30
DECK,DECKERS OUTDOOR CORP,L4,pass_valuation,14,0.5580431018804162,0.5770385958654284,1.1374172086376884,0.12994151685149902,0.1469097911350663,-1.4247278654431692,14.716524,0.07648090026310503,0.5047,FCF yield 7.6% >= UST 4.6% / P/E 15 <= 30
DG,DOLLAR GENERAL CORP,L4,pass_valuation,15,0.4949172013778453,0.30660930299520633,0.29909193848793325,0.021102946475387574,0.04125293834210786,-0.35030950902557734,17.425741,0.08806718710023953,0.3182,FCF yield 8.8% >= UST 4.6% / P/E 17 <= 30
DLTR,"DOLLAR TREE, INC.",L4,pass_valuation,16,0.5398395102745529,0.36351871806637553,0.12613927326838592,-0.16369112015779697,-0.11851835970079172,0.74478532939336,20.182985,0.04373028382060141,0.2451,P/E 20 <= 30
FDS,FACTSET RESEARCH SYSTEMS INC.,L4,pass_valuation,15,0.17376967298413903,0.5271743531167035,0.23436130050077733,0.02352026822582798,0.07984113351802002,1.137545061004819,16.27884,0.07030174456882789,0.4098,FCF yield 7.0% >= UST 4.6% / P/E 16 <= 30
FISV,FISERV INC,L4,pass_valuation,17,0.2597936470397302,,0.13249855741681527,-0.015074656897135164,0.06113528837230442,,8.577966,0.15929310826897536,0.441,FCF yield 15.9% >= UST 4.6% / P/E 9 <= 30
FOX,FOX CORPORATION,L4,pass_valuation,7,0.25695033607960155,,0.1496371370554628,0.014950779070138864,0.052662023078771325,0.3250194855806703,13.544737,0.13848604477320586,0.3926,FCF yield 13.8% >= UST 4.6% / P/E 14 <= 30
FOXA,FOX CORPORATION,L4,pass_valuation,7,0.25695033607960155,,0.1496371370554628,0.014950779070138864,0.052662023078771325,0.3250194855806703,15.150001,0.12381234138782765,0.3621,FCF yield 12.4% >= UST 4.6% / P/E 15 <= 30
GDDY,GoDaddy Inc.,L4,pass_valuation,9,0.31656540900540014,,0.1964472600706213,0.04835866776475717,0.06564722266304868,2.1701101374708576,14.630745,0.1288849886806994,0.3548,FCF yield 12.9% >= UST 4.6% / P/E 15 <= 30
GRMN,GARMIN LTD,L4,pass_valuation,15,0.32959046873410236,0.5874393538958355,0.2102513417473349,0.12451644589990085,0.14235886942453901,,26.411829,0.02986262624959199,0.2516,P/E 26 <= 30
INTU,INTUIT INC.,L4,pass_valuation,16,0.33832078825571504,,0.15150886135399302,0.10043733545158684,0.1395336514824015,,17.67805,0.07720936427563822,0.212,FCF yield 7.7% >= UST 4.6% / P/E 18 <= 30
JKHY,"JACK HENRY & ASSOCIATES, INC.",L4,pass_valuation,15,0.1659963267609927,0.4271233635668601,0.2256595022446134,0.0742277573050103,0.06927595521734675,,20.825174,0.05559319074278143,0.3402,FCF yield 5.6% >= UST 4.6% / P/E 21 <= 30
KO,COCA COLA CO,L4,pass_valuation,17,0.26825314704623343,0.6162574831563797,0.31932082280032736,0.041559934301033774,0.03689014114187783,-0.6933567377801783,25.77673,0.01501668053236476,0.3008,P/E 26 <= 30
MO,"ALTRIA GROUP, INC.",L4,pass_valuation,17,0.06102631386407717,0.6246831908587138,0.43569810163933725,-0.01778666227116943,-0.024741064227067344,2.08903098868667,15.237995,0.07444700988158617,0.5377,FCF yield 7.4% >= UST 4.6% / P/E 15 <= 30
NTAP,"NetApp, Inc.",L4,pass_valuation,16,0.2703726634052215,0.7074368231046931,0.6783643754827753,0.030499196052284905,0.028668334111952687,0.22504047490555856,26.103937,0.05755074936300503,0.5012,FCF yield 5.8% >= UST 4.6% / P/E 26 <= 30
RL,RALPH LAUREN CORPORATION,L4,pass_valuation,15,0.4900299237551313,0.6986505638055333,0.3430018558269413,0.044620082215383494,0.07988555170505496,-0.6771728748806113,25.359602,0.04470704302503393,0.3185,P/E 25 <= 30
TTD,"TRADE DESK, INC.",L4,pass_valuation,10,0.5191189347341308,0.7862547319254604,0.14072204763134943,0.11992000906297373,0.2244193656887754,-0.9334425369271243,20.738636,0.09274574117468308,0.3532,FCF yield 9.3% >= UST 4.6% / P/E 21 <= 30
VRSK,"Verisk Analytics, Inc.",L4,pass_valuation,15,0.15664624642445063,0.6987991017671754,0.21890081480199106,-0.038093566243089905,0.07160288137517012,2.5601646809306966,29.76372,0.04659132695266387,0.4206,FCF yield 4.7% >= UST 4.6% / P/E 30 <= 30
ZTS,Zoetis Inc.,L4,pass_valuation,12,0.21113661224434183,0.7183901975282561,0.2773885073350858,0.011961325533572653,0.054225876815096274,1.6539690341607274,12.352459,0.07227236079668894,0.4592,FCF yield 7.2% >= UST 4.6% / P/E 12 <= 30
A,"AGILENT TECHNOLOGIES, INC.",L3,rejected,17,0.2080107681901651,0.5243235463442717,0.17596169418341556,0.06513600275472764,0.004844098070605929,0.7136389360498019,,,,quality: asset growth 7% > revenue growth 0%
AAPL,Apple Inc.,L2,rejected,17,0.19309601955375255,0.4690516410716045,0.7426692330726131,0.006091715313301105,0.01812535743479393,0.3782021167822699,,,,landmine: receivables growth > 2x revenue growth (consecutive)
ABBV,AbbVie Inc.,L3,rejected,13,0.19034361470665107,0.7023544800523218,0.17569406533204743,-0.011773089248272806,0.017525049181538188,,,,,quality: 10y gross-margin trend declining
ABT,ABBOTT LABORATORIES,L3,rejected,17,0.2163003577462482,0.5641806533116765,0.1308183105110436,0.05219565785838265,0.005127944169646348,,,,,quality: asset growth 5% > revenue growth 1%
ACN,Accenture plc,L3,rejected,16,0.1601282051422318,0.31913952808418106,0.4233654408260012,0.11431077631609066,0.04193654176414818,,,,,quality: asset growth 11% > revenue growth 4%
ADI,"Analog Devices, Inc.",L3,rejected,17,0.29123797780375366,0.614669518890112,0.06289946726191284,-0.015545445748754938,-0.028383891841526898,,,,,quality: 10y gross-margin trend declining; avg ROIC 6% < 12%; asset growth -2% > revenue growth -3%
ADM,ARCHER-DANIELS-MIDLAND CO,L3,rejected,5,4.191127648815567,0.20167494790831864,0.10123030749720241,-0.043005893694793906,-0.37364127700324845,2.1643700787401574,,,,quality: positive FCF only 5y < 7y; FCF coeff. of variation 4.19 > 0.6; gross margin 20% < 30%; avg ROIC 10% < 12%; asset growth -4% > revenue growth -37%
ADP,AUTOMATIC DATA PROCESSING INC,L3,rejected,0,,0.46027168071436564,0.6499455232372167,-0.05413964340981725,0.07613719280368492,0.09890681116501795,,,,quality: positive FCF only 0y < 7y; FCF coeff. of variation -- > 0.6
AEE,AMEREN CORP,L2,rejected,0,,,0.05152366481551545,0.08546021776231072,0.03409709923004489,5.270478284771853,,,,landmine: share count rising despite buybacks (swallowed by dilution); net debt/EBITDA=5.3 > 3.0
AEP,"American Electric Power Company, Inc.",L2,rejected,12,0.14884716185304028,,0.057130085509215174,0.06986282108309472,0.03384740995063851,5.451758445164276,,,,landmine: share count rising despite buybacks (swallowed by dilution); net debt/EBITDA=5.5 > 3.0
AES,AES CORP,L2,rejected,0,,0.1807406196354124,0.7117066448345291,0.10505257693843784,-0.010249740650209005,-55.28,,,,landmine: share count rising despite buybacks (swallowed by dilution)
AKAM,"AKAMAI TECHNOLOGIES, INC.",L3,rejected,17,0.1742761869546004,0.589486416320614,0.13249810986363622,0.11401440740088575,0.05178977181914113,-0.7292754918447264,,,,quality: 10y gross-margin trend declining; asset growth 11% > revenue growth 5%
ALB,Albemarle Corporation,L2,rejected,1,,0.13003183326841972,-0.041553850564282464,-0.053320073530033985,-0.2687386885238615,5.403197596658368,,,,landmine: net debt/EBITDA=5.4 > 3.0
ALGN,"ALIGN TECHNOLOGY, INC.",L2,rejected,16,0.2553320702005413,0.6718803439138491,0.17719332268204957,0.0157638984010271,0.026117671821406674,-1.3980089148113295,,,,landmine: receivables growth > 2x revenue growth (consecutive)
ALLE,Allegion plc,L3,rejected,12,0.19326547682362158,0.4519705947434416,0.21913056535040373,0.09385119457829982,0.07523170466176188,1.6416295996765062,,,,quality: asset growth 9% > revenue growth 8%
AMAT,APPLIED MATERIALS INC /DE,L3,rejected,17,0.3317088441565836,0.4867456288776086,0.4110684999991803,0.10744006723308419,0.032334704568867556,-0.09009628610729023,,,,quality: asset growth 11% > revenue growth 3%
AMCR,AMCOR PLC,L2,rejected,7,0.22252685686916485,0.1888200413085482,0.25909023220157074,0.28605439300027347,0.010545712737626056,-0.4777585210860774,,,,landmine: share count rising despite buybacks (swallowed by dilution)
AMD,ADVANCED MICRO DEVICES INC,L2,rejected,7,0.8024600774954663,0.4951644100580271,0.14665446730527593,0.04412298039644602,0.13643599335368428,,,,,landmine: share count rising despite buybacks (swallowed by dilution)
AME,"AMETEK, Inc.",L3,rejected,17,0.2258535618579173,0.3604103759487083,0.12414847306023698,0.08929724193276445,0.06364055992660522,0.7823674811550708,,,,quality: asset growth 9% > revenue growth 6%
AMGN,Amgen Inc.,L2,rejected,17,0.1101015404490584,0.6724714973742211,0.16596650098745486,0.11629764191733205,0.11766399097603264,3.191900049133151,,,,landmine: net debt/EBITDA=3.2 > 3.0
AMZN,AMAZON COM INC,L2,rejected,3,1.5479477084322424,0.5028566486824266,0.1486363049087682,0.20920478219175354,0.11731283601806397,-0.1263560944479898,,,,landmine: share count rising despite buybacks (swallowed by dilution)
ANET,"Arista Networks, Inc.",L3,rejected,12,0.7616638416940559,0.6405609780472368,0.3177628743977262,0.42118600172517606,0.27146525721597636,-0.4998854582940922,,,,quality: FCF coeff. of variation 0.76 > 0.6; asset growth 42% > revenue growth 27%
APD,"AIR PRODUCTS AND CHEMICALS, INC.",L3,rejected,0,,0.3141319066568084,0.1500518475825668,0.14724007016324325,-0.01766923192508929,-2.70081490104773,,,,quality: positive FCF only 0y < 7y; FCF coeff. of variation -- > 0.6; asset growth 15% > revenue growth -2%
APH,AMPHENOL CORP /DE/,L2,rejected,17,0.5115043566611066,0.3688162219037268,0.6700924995407148,0.3322084468425561,0.2230660589034148,-1.6390222353114416,,,,landmine: share count rising despite buybacks (swallowed by dilution)
APP,AppLovin Corp,L3,rejected,4,0.7124173583675119,0.8786399662671873,0.34036675249732956,0.07474587686973644,0.2483811324958407,1.1918201279079332,,,,quality: positive FCF only 4y < 7y; FCF coeff. of variation 0.71 > 0.6
APTV,APTIV PLC,L3,rejected,14,0.42362299422858896,0.19109716638886165,0.08877582916905655,0.022767187107584297,0.052626267311163044,2.583448275862069,,,,quality: gross margin 19% < 30%; avg ROIC 9% < 12%
ATO,ATMOS ENERGY CORP,L2,rejected,0,,,0.09242331805176211,0.08375663313702297,0.03827025829324082,-0.08832770591219131,,,,landmine: share count rising despite buybacks (swallowed by dilution)
AVGO,Broadcom Inc.,L2,rejected,8,0.33063283742278765,0.6776652527118193,0.6313963567565777,0.3268118277330492,0.24378426000041764,,,,,landmine: share count rising despite buybacks (swallowed by dilution)
AVY,AVERY DENNISON CORPORATION,L3,rejected,16,0.14761329070618673,0.28753881768392525,0.14705771270667364,0.03448462408712305,-0.006824275768766208,2.5340966371426514,,,,quality: gross margin 29% < 30%; asset growth 3% > revenue growth -1%
AWK,"AMERICAN WATER WORKS COMPANY, INC.",L2,rejected,0,,,0.13125203194707993,0.08448992080236617,0.10817118293240635,-0.03534078615218175,,,,landmine: share count rising despite buybacks (swallowed by dilution)
AXON,"Axon Enterprise, Inc.",L2,rejected,5,0.9315486820375511,0.5965474093517767,0.0029685894731507094,0.3489463988663044,0.3268332762261008,28.910362817168604,,,,landmine: share count rising despite buybacks (swallowed by dilution); net debt/EBITDA=28.9 > 3.0
AZO,AUTOZONE INC,L3,rejected,16,0.1878096274179239,0.5262486365892685,0.8715518000770641,0.08211313347424176,0.05231525172845841,2.0192411009730415,,,,quality: asset growth 8% > revenue growth 5%
BA,THE BOEING COMPANY,L2,rejected,0,,0.04794160714485318,-0.06763470983935105,0.07059768322578597,0.10333066303739025,8.243182547321142,,,,landmine: share count rising despite buybacks (swallowed by dilution); net debt/EBITDA=8.2 > 3.0
BALL,BALL CORPORATION,L3,rejected,1,4.475365647264785,,0.24797246881030194,-0.006487999044267667,-0.049972301179742495,-0.5808929428708594,,,,quality: positive FCF only 1y < 7y; FCF coeff. of variation 4.48 > 0.6; operating margin 11% < 20%; asset growth -1% > revenue growth -5%
BAX,BAXTER INTERNATIONAL INC,L2,rejected,17,0.4514550498536087,0.3005158306652437,-0.0024155979311724293,-0.10831404666282385,-0.09387095488599306,11.102526002971768,,,,landmine: net debt/EBITDA=11.1 > 3.0
BBY,"BEST BUY CO., INC.",L3,rejected,15,0.6306134449164267,0.22482070470845025,0.8453780647191346,-0.024493446736502,-0.0343345487205291,-0.7828828828828829,,,,quality: FCF coeff. of variation 0.63 > 0.6; gross margin 22% < 30%
BDX,BECTON DICKINSON & CO,L2,rejected,17,0.23088708194653748,0.45444139194139194,0.053101037577269077,0.014835310642585808,0.04992975699544888,3.6778416980757784,,,,landmine: net debt/EBITDA=3.7 > 3.0
BG,BUNGE GLOBAL SA,L2,rejected,0,2.0525985056906673,0.2011921624173749,0.13473669925246168,0.32476621254232674,-0.02518967302653563,3.664503042596349,,,,landmine: share count rising despite buybacks (swallowed by dilution); net debt/EBITDA=3.7 > 3.0
BIIB,BIOGEN INC.,L3,rejected,17,0.5778449145710923,0.7569207125957981,0.11737507285292141,0.0623528887020397,-0.00935320400320594,1.2589961212028111,,,,quality: 10y gross-margin trend declining; avg ROIC 12% < 12%; asset growth 6% > revenue growth -1%
BKR,Baker Hughes Co,L3,rejected,8,0.49727482795146677,,0.13281164321285863,0.06148105834457107,0.09442943355196065,-0.7874056726515742,,,,quality: operating margin 10% < 20%
BLDR,"Builders FirstSource, Inc.",L3,rejected,12,0.7126458121963725,0.30385669120678144,0.36003605122597204,0.01981434101833157,-0.12565732756059322,-0.13192418132144113,,,,quality: FCF coeff. of variation 0.71 > 0.6; asset growth 2% > revenue growth -13%
BMY,Bristol-Myers Squibb Company,L3,rejected,17,0.18808590280443865,0.7108353736979707,0.09426488668133799,-0.023916614598799124,0.014484759937722913,2.2730137885751804,,,,quality: avg ROIC 9% < 12%
BSX,BOSTON SCIENTIFIC CORP,L2,rejected,7,0.4939620573528371,0.6901464581050114,0.09299690902819298,0.1038617991256825,0.16541890019606442,-0.33447098976109213,,,,landmine: share count rising despite buybacks (swallowed by dilution)
CARR,CARRIER GLOBAL CORPORATION,L3,rejected,6,0.48049994259752926,0.2659877256959886,0.0995163961338597,0.1254846152310678,0.021192107753475797,2.87811955890888,,,,quality: positive FCF only 6y < 7y; gross margin 27% < 30%; avg ROIC 10% < 12%; asset growth 13% > revenue growth 2%
CAT,CATERPILLAR INC,L3,rejected,17,0.2806350039270512,0.33788042432940274,0.2154951024186171,0.06357060798118686,0.0438323160905727,1.5444717811078803,,,,quality: asset growth 6% > revenue growth 4%
CBOE,"Cboe Global Markets, Inc.",L3,rejected,9,0.41487683527880165,0.5152730049637266,0.1446396361889516,0.09959695943737756,0.059967260789602905,-0.4866939289084618,,,,quality: asset growth 10% > revenue growth 6%
CCL,Carnival Corporation Ltd.,L2,rejected,3,,0.37500499580352503,-0.0029526257366206078,-0.0001031639088386882,0.2981966756672283,3.3977725835281176,,,,landmine: share count rising despite buybacks (swallowed by dilution); net debt/EBITDA=3.4 > 3.0
CDNS,"CADENCE DESIGN SYSTEMS, INC.",L3,rejected,16,0.25754020726795646,,0.4524483778122615,0.2549556636193473,0.14143248241855333,-1.7450836400425613,,,,quality: asset growth 25% > revenue growth 14%
CDW,CDW CORP,L3,rejected,15,0.22350027428033228,0.21732867762808764,0.16642528754574162,0.06870244990141305,-0.01894867945091694,2.5682144321443214,,,,quality: gross margin 22% < 30%; asset growth 7% > revenue growth -2%
CEG,CONSTELLATION ENERGY CORPORATION,L3,rejected,1,,,0.09741736373161615,0.0686543142973084,-0.024848561521353285,0.6507824863724283,,,,quality: positive FCF only 1y < 7y; FCF coeff. of variation -- > 0.6; operating margin 14% < 20%; avg ROIC 10% < 12%; asset growth 7% > revenue growth -2%
CF,"CF INDUSTRIES HOLDINGS, INC.",L3,rejected,7,0.3991734313887221,0.3845285149632976,0.36431468630841113,0.019039778128306928,-0.1412477014500929,0.38555347091932457,,,,quality: asset growth 2% > revenue growth -14%
CHRW,"C.H. ROBINSON WORLDWIDE, INC.",L3,rejected,17,0.611518799701072,,0.22585715764132394,-0.05291885608861846,-0.13053598256384413,1.0342935176697161,,,,quality: FCF coeff. of variation 0.61 > 0.6; operating margin 5% < 20%; asset growth -5% > revenue growth -13%
CHTR,"Charter Communications, Inc.",L2,rejected,12,0.35424697323111715,,0.08905903117433887,0.021867701769154424,0.0046187194908937634,4.360932513067209,,,,landmine: net debt/EBITDA=4.4 > 3.0
CIEN,Ciena Corp,L3,rejected,3,0.946953503008135,0.42036147551518427,0.08103751390258754,0.04975747078629422,0.09500526254009078,,,,,quality: positive FCF only 3y < 7y; FCF coeff. of variation 0.95 > 0.6; 10y gross-margin trend declining; avg ROIC 8% < 12%
CMCSA,Comcast Corporation,L3,rejected,17,0.139165660663296,,0.17885576162148353,0.019512488174434628,0.006220134237919117,-0.09552085027926902,,,,quality: operating margin 17% < 20%; asset growth 2% > revenue growth 1%
CME,CME GROUP INC.,L3,rejected,17,0.21430346731521105,,0.11093831338805461,0.044405197586402156,0.09113524548501961,-1.0184228729536546,,,,quality: avg ROIC 11% < 12%
CMG,"CHIPOTLE MEXICAN GRILL, INC.",L2,rejected,16,0.4801330053623538,,0.4906439358451285,0.0909392803568958,0.11364082990765789,-0.1525979679433044,,,,landmine: share count rising despite buybacks (swallowed by dilution)
CMI,CUMMINS INC,L3,rejected,17,0.4592229853862653,0.25292545292545293,0.28915483103697537,0.039081169085296796,0.06246086056249833,-0.5362573099415204,,,,quality: gross margin 25% < 30%
CNC,CENTENE CORPORATION,L3,rejected,1,0.6901448679513296,0.08138915460445295,-0.015890196042022894,-0.000533652758544445,0.08819902256311885,,,,,quality: positive FCF only 1y < 7y; FCF coeff. of variation 0.69 > 0.6; gross margin 8% < 30%; 10y gross-margin trend declining; avg ROIC -2% < 12%
CNP,CENTERPOINT ENERGY INC,L2,rejected,0,,0.9995715968726572,0.04950925450237394,0.06478932743245203,0.0003572577203649896,6.302747252747253,,,,landmine: share count rising despite buybacks (swallowed by dilution); net debt/EBITDA=6.3 > 3.0
COHR,COHERENT CORP.,L2,rejected,7,0.7750781672014155,0.3516835725282546,0.036363829342343876,0.23872098378779816,0.20548879782532903,,,,,landmine: share count rising despite buybacks (swallowed by dilution)
COO,"The Cooper Companies, Inc.",L2,rejected,16,0.34052888894550043,0.6553855928061773,0.0431201764357603,0.02552013019329702,0.07346203139761864,2.2568141092143734,,,,landmine: receivables growth > 2x revenue growth (consecutive)
COR,"CENCORA, INC.",L3,rejected,17,0.23011615075021244,0.03572165157521616,0.6343013073062574,0.10633382654607293,0.1043399050694318,0.8980777111897895,,,,quality: gross margin 4% < 30%
COST,COSTCO WHOLESALE CORP /NEW,L3,rejected,15,0.30264131533299315,0.12843206714262356,0.357039705730844,0.0631174810456927,0.06640442726947482,-0.6536810055429776,,,,quality: gross margin 13% < 30%
CPAY,"Corpay, Inc",L2,rejected,15,0.31830105095303873,,0.14895565724500529,0.23296244711736436,0.097332408585459,4.5820011719808615,,,,landmine: net debt/EBITDA=4.6 > 3.0
CPRT,"COPART, INC.",L3,rejected,15,0.45522156249881623,,0.26662802378565137,0.2387284993797425,0.0989943984010011,-1.4538245276103323,,,,quality: asset growth 24% > revenue growth 10%
CRH,CRH public limited company,L3,rejected,3,0.11474724832837226,0.36125724357091354,0.11898262099605202,0.1085038965109304,0.03512104543400718,1.768957345971564,,,,quality: positive FCF only 3y < 7y; avg ROIC 12% < 12%; asset growth 11% > revenue growth 4%
CRL,"CHARLES RIVER LABORATORIES INTERNATIONAL, INC.",L3,rejected,16,0.21246223544470821,,0.12323496670911327,-0.020925055000634685,0.0032857552523495315,-0.4985226641523173,,,,quality: operating margin 1% < 20%
CRM,"Salesforce, Inc.",L3,rejected,16,0.5637277921961218,0.7767609873570138,0.03967052569287643,0.05659129786502626,0.161622364736846,0.7461966215507292,,,,quality: avg ROIC 4% < 12%
CSCO,"CISCO SYSTEMS, INC.",L3,rejected,16,0.17473802196795898,0.6493804497475907,0.22942183625229917,0.09165598678184272,0.03192384157728467,1.3053772070626004,,,,quality: asset growth 9% > revenue growth 3%
CSX,CSX CORPORATION,L3,rejected,17,0.195170240763791,,0.3656715303875876,0.013883471164865657,-0.01737875164321634,-0.10804708917916465,,,,quality: asset growth 1% > revenue growth -2%
CTAS,Cintas Corporation,L4,rejected,15,0.2389644816486046,0.5003939486165667,0.23756873142434445,0.06441409378106888,0.09598334537578124,0.7572161551051557,40.9,0.0219097785557698,,valuation: FCF yield 2.2% < UST 4.6% and P/E 40.90 > 30
CTSH,COGNIZANT TECHNOLOGY SOLUTIONS CORPORATION,L3,rejected,17,0.14857363085010164,,0.1829575820220392,0.050441482289746986,0.028031282502597676,-0.34475755267834474,,,,quality: operating margin 16% < 20%; asset growth 5% > revenue growth 3%
CTVA,"Corteva, Inc.",L3,rejected,6,0.758016164040044,0.4729038561002241,0.06204886310504372,0.0017723196643899541,-0.0010322883978914899,-1.21751872354282,,,,quality: positive FCF only 6y < 7y; FCF coeff. of variation 0.76 > 0.6; avg ROIC 6% < 12%
CVNA,CARVANA CO.,L2,rejected,3,,0.20627890955614606,0.19736046678625258,0.14920050785234817,0.1431413679257303,,,,,landmine: share count rising despite buybacks (swallowed by dilution)
CVS,CVS HEALTH Corp,L3,rejected,17,0.27959690400935305,0.449925012497917,0.11061812200437884,0.03560682255171055,0.0763108477649228,-0.9122598748111375,,,,quality: avg ROIC 11% < 12%
DAL,"DELTA AIR LINES, INC.",L2,rejected,3,3.736792626784122,,0.13051279797863546,0.04001206997743201,0.07799197884220499,1.0886872353297035,,,,landmine: share count rising despite buybacks (swallowed by dilution)
DASH,"DOORDASH, INC.",L2,rejected,6,0.7583712448025288,,-0.06836410245242718,0.2616562149717234,0.2772574009717286,-2.9782312925170067,,,,landmine: share count rising despite buybacks (swallowed by dilution)
DD,"DUPONT DE NEMOURS, INC.",L3,rejected,3,1.0378308598046937,0.34501387063804934,0.03906569049521856,-0.194978289255352,-0.19269293381346742,-0.6163793103448276,,,,quality: positive FCF only 3y < 7y; FCF coeff. of variation 1.04 > 0.6; avg ROIC 4% < 12%
DDOG,"Datadog, Inc.",L2,rejected,7,0.7438157453206591,0.7995549081775629,-0.011361853610748715,0.30276309343980223,0.2694953937625746,-83.13755956080381,,,,landmine: share count rising despite buybacks (swallowed by dilution)
DE,DEERE FUNDING CANADA Corp,L3,rejected,13,0.32357708197435125,,0.23448413249451402,0.05592743895265895,-0.045763318851563706,0.4735758407687028,,,,quality: asset growth 6% > revenue growth -5%
DELL,Dell Technologies Inc.,L3,rejected,9,0.5324719916905036,0.19999471542567246,0.2847952576700753,0.041668102252333084,0.035349838884853435,1.7869923063159778,,,,quality: gross margin 20% < 30%; 10y gross-margin trend declining
DGX,QUEST DIAGNOSTICS INC,L3,rejected,17,0.2877588023574993,0.3321250566379701,0.11652028020637242,0.0812025336967428,0.03743568077946513,2.4698965192850424,,,,quality: 10y gross-margin trend declining; avg ROIC 12% < 12%; asset growth 8% > revenue growth 4%
DHR,DANAHER CORPORATION,L3,rejected,17,0.21953542590646521,0.5911348095083034,0.08102293290326089,-0.0035136153649883983,-0.07922591678036017,,,,,quality: avg ROIC 8% < 12%; asset growth -0% > revenue growth -8%
DIS,WALT DISNEY CO/,L3,rejected,7,0.7479551045076159,,0.07428790001226569,-0.010115182093437203,0.045093923223104904,1.588101586746514,,,,quality: FCF coeff. of variation 0.75 > 0.6; operating margin 19% < 20%; avg ROIC 7% < 12%
DOV,DOVER Corp,L3,rejected,17,0.19732683253599434,0.397669541607976,0.137447356880893,0.07196608899009926,-0.016551742769103095,0.9419409015036471,,,,quality: asset growth 7% > revenue growth -2%
DRI,"DARDEN RESTAURANTS, INC.",L3,rejected,16,0.2988134659725231,0.2047496418723658,0.3187432501301526,0.07486700901053256,0.07838539390453025,1.005589863713799,,,,quality: gross margin 20% < 30%
DTE,DTE ENERGY CO,L2,rejected,0,,,0.055735383351344064,0.08198963690991357,0.008224186121995158,4.100523168908819,,,,landmine: share count rising despite buybacks (swallowed by dilution); net debt/EBITDA=4.1 > 3.0
DUK,DUKE ENERGY CORPORATION,L2,rejected,0,,,0.050459625410079326,0.032001455691192726,0.034441001720580955,5.3255970606246175,,,,landmine: net debt/EBITDA=5.3 > 3.0
DXCM,"DEXCOM, INC.",L3,rejected,12,0.7585055508605038,0.601008151008151,0.2877665744779927,0.05548539777056738,0.1701360960301399,-0.7886730835338605,,,,quality: FCF coeff. of variation 0.76 > 0.6; 10y gross-margin trend declining
EA,ELECTRONIC ARTS INC.,L3,rejected,0,,0.789669366617979,0.21425257619248994,-0.00819033505808664,0.0046911288415614205,-1.9286195286195287,,,,quality: positive FCF only 0y < 7y; FCF coeff. of variation -- > 0.6
EBAY,eBay Inc.,L2,rejected,17,0.16229304195327487,0.7145045045045045,0.2911075145690934,-0.05474039529853669,0.042572293921697035,-0.4140103780578206,,,,landmine: receivables growth > 2x revenue growth (consecutive)
ECHO,EchoStar Corporation,L2,rejected,0,,,-0.7152043831332026,0.90738012821252,0.9582734131844137,,,,,landmine: share count rising despite buybacks (swallowed by dilution)
ECL,ECOLAB INC.,L3,rejected,17,0.1698399537615153,0.44464343456955946,0.2146958536635946,0.047864323255132346,0.04264019904644334,,,,,quality: 10y gross-margin trend declining
EFX,EQUIFAX INC,L3,rejected,6,0.708287768966837,,0.08515244610306351,0.009047974396907632,0.05848490317101085,2.6960649799681686,,,,quality: positive FCF only 6y < 7y; FCF coeff. of variation 0.71 > 0.6; operating margin 18% < 20%; avg ROIC 9% < 12%
EIX,EDISON INTERNATIONAL,L2,rejected,0,,,0.052598964533515626,0.06408187347979122,0.03904776111316921,3.6631171345595352,,,,landmine: net debt/EBITDA=3.7 > 3.0
EL,Estee Lauder Companies Inc,L3,rejected,15,0.4570975250513709,0.7397040346223649,0.6610117387024195,-0.01649899982227543,-0.06871717508347608,-66.31818181818181,,,,quality: 10y gross-margin trend declining; asset growth -2% > revenue growth -7%
ELV,"ELEVANCE HEALTH, INC.",L3,rejected,16,0.32025227893382424,0.8936446955430006,0.10597786141561383,0.057369244913604955,0.08338453671992796,2.562035448827902,,,,quality: 10y gross-margin trend declining; avg ROIC 11% < 12%
EME,"EMCOR Group, Inc.",L3,rejected,16,0.5252693589284226,0.19327130810714582,0.40550244165591603,0.18921370895652867,0.15320031490276653,,,,,quality: gross margin 19% < 30%; asset growth 19% > revenue growth 15%
EOG,"EOG RESOURCES, INC.",L3,rejected,0,,,0.24112018112853387,0.07780895016791756,-0.041514960916878896,0.41858749769500275,,,,quality: positive FCF only 0y < 7y; FCF coeff. of variation -- > 0.6; asset growth 8% > revenue growth -4%
EQT,EQT Corporation,L2,rejected,8,0.7804294464517862,0.8227611519431907,0.05197857291346578,0.22617007176656623,-0.10639843163848473,1.314448063242296,,,,landmine: share count rising despite buybacks (swallowed by dilution)
ES,EVERSOURCE ENERGY,L2,rejected,0,,,0.048884878123387286,0.062157206700592216,0.033017102123918285,5.2159311667209645,,,,landmine: share count rising despite buybacks (swallowed by dilution); net debt/EBITDA=5.2 > 3.0
ETN,EATON CORPORATION plc,L4,rejected,14,0.2543963474585801,0.3758743806470417,0.14952451150752863,0.05616292434399628,0.09769979247934413,1.5005664346981713,39.35059,0.022707881861357443,,valuation: FCF yield 2.3% < UST 4.6% and P/E 39.35 > 30
ETR,ENTERGY CORP /DE/,L2,rejected,0,2.7021189225447886,,0.04761260412481716,0.07054182590684288,-0.020204385975384764,5.146884099519123,,,,landmine: share count rising despite buybacks (swallowed by dilution); net debt/EBITDA=5.1 > 3.0
EVRG,"EVERGY, INC.",L2,rejected,0,,,0.06161156550772673,0.0480510321594092,0.0068649053140803495,4.965650270791602,,,,landmine: net debt/EBITDA=5.0 > 3.0
EW,EDWARDS LIFESCIENCES CORPORATION,L3,rejected,16,0.41523515593306154,0.7801107521919705,0.21023861752114653,0.18208517940462943,0.04075136931571044,-1.6467483108108107,,,,quality: asset growth 18% > revenue growth 4%
EXC,EXELON CORPORATION,L2,rejected,0,,,0.047615209083001694,0.06927698188141296,0.08336312473906027,5.740757592992834,,,,landmine: receivables growth > 2x revenue growth (consecutive); share count rising despite buybacks (swallowed by dilution); net debt/EBITDA=5.7 > 3.0
EXE,EXPAND ENERGY CORPORATION,L2,rejected,4,,,-0.09242426672143088,0.22288112662734427,0.010700054078237153,0.8059071729957806,,,,landmine: share count rising despite buybacks (swallowed by dilution)
EXPD,"EXPEDITORS INTERNATIONAL OF WASHINGTON, INC.",L3,rejected,17,0.4638486262992369,,0.8631556770652181,-0.043403534766122354,-0.13447253986862018,-1.1847716834262585,,,,quality: operating margin 10% < 20%; asset growth -4% > revenue growth -13%
EXPE,"EXPEDIA GROUP, INC.",L2,rejected,5,1.756933801478787,,0.28315853228130977,0.04283395265400136,0.08087962506974211,0.271211022480058,,,,landmine: receivables growth > 2x revenue growth (consecutive)
F,Ford Motor Co,L3,rejected,3,0.5785904459475265,0.0683569448968585,0.05227559306971656,0.04159374136666938,0.05815471849810683,-3.4321822189566493,,,,quality: positive FCF only 3y < 7y; gross margin 7% < 30%; 10y gross-margin trend declining; avg ROIC 5% < 12%
FANG,"Diamondback Energy, Inc.",L2,rejected,0,,,0.13364861503332198,0.39440697619008325,0.16244122287062646,2.2818845177664975,,,,landmine: share count rising despite buybacks (swallowed by dilution)
FAST,FASTENAL CO,L3,rejected,17,0.2519487886786265,0.45011889518931775,0.3208617384787706,0.035669020171346766,0.05515402516123835,-0.082729304049267,,,,quality: 10y gross-margin trend declining
FDX,FedEx Corporation,L3,rejected,6,0.5834666152270488,,0.10320337426947943,0.04321881251069937,0.016601213758559163,1.0152563059397886,,,,quality: positive FCF only 6y < 7y; operating margin 6% < 20%; avg ROIC 10% < 12%; asset growth 4% > revenue growth 2%
FE,FIRSTENERGY CORP,L3,rejected,0,,,0.14634714302123075,0.06632321967706156,0.06594636102267804,,,,,quality: positive FCF only 0y < 7y; FCF coeff. of variation -- > 0.6; operating margin 15% < 20%
FFIV,"F5, INC.",L3,rejected,16,0.22024897945758537,0.8141306290785966,0.21312569162967368,0.06199010654700521,0.04631913174341684,-1.5661165401445567,,,,quality: asset growth 6% > revenue growth 5%
FICO,Fair Isaac Corp,L2,rejected,15,0.3670077416176337,0.8223278377432166,0.5124573581093558,0.09012783933323143,0.1306838755794808,3.1086920436432357,,,,landmine: net debt/EBITDA=3.1 > 3.0
FIS,"Fidelity National Information Services, Inc.",L3,rejected,17,0.2901806146077131,0.36864287721270017,-0.03190075096908284,-0.19112982489251884,-0.09756803400372416,2.6915011037527594,,,,quality: avg ROIC -3% < 12%
FIX,"COMFORT SYSTEMS USA, INC.",L3,rejected,15,0.716772491416018,0.2412640753464128,0.345860816144796,0.3535395141561868,0.30025058911956903,-0.6076097920898424,,,,quality: FCF coeff. of variation 0.72 > 0.6; gross margin 24% < 30%; asset growth 35% > revenue growth 30%
FLEX,FLEX LTD.,L3,rejected,5,4.340854443767607,0.09196102314250913,0.14865955255616484,0.010255148593041996,-0.027461341561792807,,,,,quality: positive FCF only 5y < 7y; FCF coeff. of variation 4.34 > 0.6; gross margin 9% < 30%; asset growth 1% > revenue growth -3%
FSLR,"First Solar, Inc.",L3,rejected,1,,0.4062437732020073,0.12890824615805635,0.17312092761867515,0.258374947984624,-1.0841275963275137,,,,quality: positive FCF only 1y < 7y; FCF coeff. of variation -- > 0.6
FTV,Fortive Corp,L3,rejected,10,0.14402415606233807,0.6350171912192542,0.07159023809994058,-0.09604342105140351,-0.10624788606146962,2.4447227500431854,,,,quality: avg ROIC 7% < 12%; asset growth -10% > revenue growth -11%
GD,GENERAL DYNAMICS CORP,L3,rejected,17,0.1874306495234132,,0.13118151703781183,0.03533641666598486,0.10069361914442676,0.9044585987261147,,,,quality: operating margin 10% < 20%
GEHC,GE HEALTHCARE TECHNOLOGIES INC.,L3,rejected,3,0.05609363996527442,0.3999030303030303,0.13552364695193578,0.06638584767141587,0.02707316985484498,,,,,quality: positive FCF only 3y < 7y; asset growth 7% > revenue growth 3%
GEN,Gen Digital Inc.,L3,rejected,6,0.9739020839338044,0.7846,0.17432844653381632,-0.0075398272905854435,0.14418054061784868,2.979334098737084,,,,quality: positive FCF only 6y < 7y; FCF coeff. of variation 0.97 > 0.6
GEV,GE Vernova Inc.,L3,rejected,2,0.37153419593345655,0.19793527372071032,0.344906048624557,0.2239681460619598,0.08968083583798481,,,,,quality: positive FCF only 2y < 7y; gross margin 20% < 30%; asset growth 22% > revenue growth 9%
GILD,"GILEAD SCIENCES, INC.",L3,rejected,17,0.13891001407193146,0.7882688584723024,0.14273422524789425,-0.022385031180536363,0.025747792802937708,,,,,quality: 10y gross-margin trend declining
GIS,"GENERAL MILLS, INC.",L2,rejected,17,0.1916754579899658,0.33627324338113174,0.24099226788508868,-0.015445850874180489,-0.028500795823470426,9.032477446217904,,,,landmine: net debt/EBITDA=9.0 > 3.0
GLW,CORNING INC /NY,L3,rejected,0,,0.35965192910614885,0.12059863194097098,0.016418779598788902,0.03274507876886834,,,,,quality: positive FCF only 0y < 7y; FCF coeff. of variation -- > 0.6; 10y gross-margin trend declining
GM,GENERAL MOTORS COMPANY,L3,rejected,14,0.34130079124324114,,0.16532168781787104,0.02131586889685333,0.05272694779360543,-1.4067432332594534,,,,quality: operating margin 2% < 20%
GNRC,GENERAC HOLDINGS INC.,L3,rejected,3,0.5689574736497337,0.3829129750041992,0.11855342279905522,0.02541311709774452,-0.026671490695003963,1.7872304380343205,,,,quality: positive FCF only 3y < 7y; avg ROIC 12% < 12%; asset growth 3% > revenue growth -3%
GOOG,ALPHABET INC.,L3,rejected,11,0.2552343126665759,0.5965231508603998,0.2662658691155983,0.17680647722183807,0.12511745609215974,,,,,quality: asset growth 18% > revenue growth 13%
GOOGL,ALPHABET INC.,L3,rejected,11,0.2552343126665759,0.5965231508603998,0.2662658691155983,0.17680647722183807,0.12511745609215974,,,,,quality: asset growth 18% > revenue growth 13%
GPC,GENUINE PARTS CO,L2,rejected,17,0.4640368820582791,0.3679278239578939,0.1410659897120755,0.08027908506866188,0.03220324726356383,4.477969263510403,,,,landmine: net debt/EBITDA=4.5 > 3.0
GPN,GLOBAL PAYMENTS INC.,L2,rejected,14,0.2745304325562997,0.7257442954586096,0.03572913568255707,0.059802875288666124,-0.0495682906305519,4.428801286399502,,,,landmine: net debt/EBITDA=4.4 > 3.0
GWW,"W.W. GRAINGER, INC.",L4,rejected,16,0.2926315603104272,0.3906476424032995,0.3607565507988936,0.05704271903443403,0.056191483803869735,0.6736283185840708,36.64182,0.020704398885196863,,valuation: FCF yield 2.1% < UST 4.6% and P/E 36.64 > 30
HAL,HALLIBURTON COMPANY,L3,rejected,9,0.3446505780278984,,0.2021657964437344,0.024548328895886984,0.030076157483628574,1.4581861012956419,,,,quality: operating margin 10% < 20%
HAS,"HASBRO, INC.",L2,rejected,16,0.3429457033536856,0.7242890264394954,-0.0027311774257602964,-0.15785668650942786,-0.07063068574893083,16.973396998635742,,,,landmine: net debt/EBITDA=17.0 > 3.0
HCA,"HCA Healthcare, Inc.",L3,rejected,15,0.24763596920306408,,0.23605694873489483,0.050094896720694004,0.07868780037013456,2.913029545600205,,,,quality: operating margin 16% < 20%
HD,"HOME DEPOT, INC.",L2,rejected,17,0.17372108508344764,0.33315521334928316,0.3933955311007756,0.11193053460839764,0.015185146415588768,1.9672184887723323,,,,landmine: receivables growth > 2x revenue growth (consecutive)
HII,"HUNTINGTON INGALLS INDUSTRIES, INC.",L3,rejected,15,0.48994255398492326,,0.09981187651926213,0.05500721028927247,0.05353361774943943,-0.7849898580121704,,,,quality: operating margin 5% < 20%; avg ROIC 10% < 12%
HON,Honeywell International Inc,L3,rejected,16,0.11119779818876219,0.3693445862934672,0.21839904899986873,0.05766287004218418,0.0182371617394117,1.740304781923279,,,,quality: asset growth 6% > revenue growth 2%
HPE,HEWLETT PACKARD ENTERPRISE COMPANY,L2,rejected,5,0.711518002895189,,0.03406441717084057,0.09939822837944168,0.06370170685761956,8.59608695652174,,,,landmine: net debt/EBITDA=8.6 > 3.0
HPQ,HP INC.,L3,rejected,17,0.25302048834835095,0.20602224432588842,1.072268853824528,0.026764916681466966,-0.042466067640995364,1.4471882640586797,,,,quality: gross margin 21% < 30%; asset growth 3% > revenue growth -4%
HRL,HORMEL FOODS CORPORATION,L3,rejected,16,0.18564923559778787,0.1562688746885883,0.08252056655879768,0.0021546319181005025,-0.009525432287289193,2.2256855951731493,,,,quality: gross margin 16% < 30%; 10y gross-margin trend declining; avg ROIC 8% < 12%; asset growth 0% > revenue growth -1%
HSIC,"HENRY SCHEIN, INC.",L3,rejected,16,0.1809588089531619,0.3113622572815534,0.1515988291385325,0.09223433570237671,0.013957826846691779,-0.16182572614107885,,,,quality: asset growth 9% > revenue growth 1%
HSY,HERSHEY CO,L3,rejected,17,0.134655944783656,0.33548561069861765,0.5816109958980757,0.07866553722432101,0.03917965670073964,-0.4759640124633141,,,,quality: 10y gross-margin trend declining; asset growth 8% > revenue growth 4%
HUBB,HUBBELL INC,L3,rejected,16,0.2557908930276628,0.35316360401053964,0.16644467852119488,0.15056519124089407,0.05708836650420146,1.3024948759629655,,,,quality: asset growth 15% > revenue growth 6%
HUM,HUMANA INC,L3,rejected,17,0.5550040683740578,,0.10759692605738956,0.04341016473372328,0.11767273447695548,2.4012345679012346,,,,quality: operating margin 2% < 20%; avg ROIC 11% < 12%
HWM,HOWMET AEROSPACE INC.,L3,rejected,5,1.147348881616088,,0.14495190900619745,0.029174689705930845,0.13371585224230054,0.9909832546157149,,,,quality: positive FCF only 5y < 7y; FCF coeff. of variation 1.15 > 0.6
IBM,INTERNATIONAL BUSINESS MACHINES CORP,L2,rejected,17,0.15106948082195612,0.5818760642629748,0.10150976592111141,0.06077244428192263,0.03717667987880624,,,,,landmine: share count rising despite buybacks (swallowed by dilution)
ICE,"INTERCONTINENTAL EXCHANGE, INC.",L2,rejected,13,0.19474460509449448,,0.07208373167681192,-0.11024966764270383,0.0946705327442019,2.89828941285252,,,,landmine: share count rising despite buybacks (swallowed by dilution)
IDXX,IDEXX LABORATORIES INC /DE,L4,rejected,16,0.37200827278147314,0.6179747110743262,0.5333168632046891,0.06849844869020827,0.08522326458275908,0.17922169206504857,40.65195,0.02425737029047257,,valuation: FCF yield 2.4% < UST 4.6% and P/E 40.65 > 30
IEX,IDEX CORP,L3,rejected,16,0.11240008501711715,0.44506146059291396,0.1278711847058815,0.07914868525806762,0.028075999700655663,,,,,quality: asset growth 8% > revenue growth 3%
IFF,INTERNATIONAL FLAVORS & FRAGRANCES INC,L2,rejected,3,0.6820700931912246,0.3616161616161616,-0.0154426426575181,-0.10318075550046546,-0.043387980933718207,9.317241379310344,,,,landmine: net debt/EBITDA=9.3 > 3.0
INTC,INTEL CORP,L2,rejected,0,19.847599524117072,0.34766238434904356,0.015188463660119944,0.05103170844096416,-0.05712887978236014,,,,,landmine: share count rising despite buybacks (swallowed by dilution)
IP,INTERNATIONAL PAPER COMPANY,L3,rejected,0,0.6731651051175205,0.29605652872979604,0.03905121912893301,0.1661361883394863,0.0375292471900297,,,,,quality: positive FCF only 0y < 7y; FCF coeff. of variation 0.67 > 0.6; gross margin 30% < 30%; 10y gross-margin trend declining; avg ROIC 4% < 12%; asset growth 17% > revenue growth 4%
IQV,IQVIA HOLDINGS INC.,L2,rejected,13,0.28363580800109434,,0.08882588345312353,0.05726748018871275,0.04214942539507627,4.132291040288635,,,,landmine: net debt/EBITDA=4.1 > 3.0
IR,Ingersoll Rand Inc.,L3,rejected,9,0.3913759281515746,0.4360663451358664,0.09104455409763454,0.07409221978894798,0.08948380588960547,-0.7558167716917111,,,,quality: avg ROIC 9% < 12%
ISRG,"Intuitive Surgical, Inc.",L3,rejected,17,0.3953931628515871,0.6599600584220096,0.15423447774280824,0.16395104209323952,0.17386716793068868,,,,,quality: 10y gross-margin trend declining
IT,"Gartner, Inc.",L3,rejected,0,,0.6877113401934918,0.47226706941890123,0.034661093989431846,0.05866587905959064,1.0270248446191743,,,,quality: positive FCF only 0y < 7y; FCF coeff. of variation -- > 0.6
ITW,ILLINOIS TOOL WORKS INC,L3,rejected,17,0.13610683646547125,0.5290451259037646,0.32695294950829956,0.015451878445114087,0.0023378226519090717,,,,,quality: asset growth 2% > revenue growth 0%
J,JACOBS SOLUTIONS INC.,L3,rejected,6,0.8813534837963399,0.24812866533003963,0.0914773341716589,-0.08440939031863037,-0.06931599706247671,1.0584914977693607,,,,quality: positive FCF only 6y < 7y; FCF coeff. of variation 0.88 > 0.6; gross margin 25% < 30%; avg ROIC 9% < 12%
JBHT,"J.B. HUNT TRANSPORT SERVICES, INC.",L3,rejected,2,0.8401776179567155,,0.15691617905836097,0.005981890858911099,-0.06783654566877806,0.9174980726067092,,,,quality: positive FCF only 2y < 7y; FCF coeff. of variation 0.84 > 0.6; operating margin 7% < 20%; asset growth 1% > revenue growth -7%
JBL,JABIL INC,L3,rejected,7,0.6662831389738505,0.08878598751761627,0.35718023029260165,-0.020255004136013555,-0.03802902514729234,0.5129310344827587,,,,quality: FCF coeff. of variation 0.67 > 0.6; gross margin 9% < 30%; asset growth -2% > revenue growth -4%
JNJ,Johnson & Johnson,L3,rejected,17,0.0533923102409659,0.6787871710212011,0.21384446096852328,0.020620245088468492,-0.0026401229578013607,0.5292656192911948,,,,quality: asset growth 2% > revenue growth -0%
KDP,Keurig Dr Pepper Inc.,L3,rejected,15,0.27880989625036506,0.5420104800337289,0.06289653504703796,0.022768612695641455,0.05705594810720571,,,,,quality: avg ROIC 6% < 12%
KEYS,"KEYSIGHT TECHNOLOGIES, INC.",L3,rejected,11,0.1509042977659476,0.6208372093023256,0.21183434039058846,0.1174970040801191,-0.0027752224099102385,,,,,quality: asset growth 12% > revenue growth -0%
KHC,Kraft Heinz Co,L3,rejected,8,0.2825376888147122,0.33313286825435007,0.022778287160207637,-0.03323110355792891,-0.019809627469887126,,,,,quality: avg ROIC 2% < 12%
KLAC,KLA CORPORATION,L4,rejected,15,0.3664074783265287,0.6090980853989936,0.47342333620971466,0.0845008246067882,0.09685534331651668,0.7125185041217428,61.63173,0.013183438756862044,,valuation: FCF yield 1.3% < UST 4.6% and P/E 61.63 > 30
KMB,KIMBERLY-CLARK CORPORATION,L3,rejected,17,0.2254069755238649,0.36012646683285704,3.526750601149526,-0.016444030613087635,-0.06583329792377168,0.0019011406844106464,,,,quality: asset growth -2% > revenue growth -7%
KMI,"KINDER MORGAN, INC.",L2,rejected,15,0.20347181771186587,,0.05177846373517516,0.012542170443755163,-0.05698859500480058,4.450327434861363,,,,landmine: net debt/EBITDA=4.5 > 3.0
KR,KROGER CO,L3,rejected,16,0.41728725318689297,,0.10310169946783526,-0.010929610929610978,-0.015975846279967176,2.4015702795863656,,,,quality: operating margin 1% < 20%; avg ROIC 10% < 12%
KVUE,Kenvue Inc.,L2,rejected,3,0.2991413686065173,0.581327691087014,0.14071580839242837,-0.014011485337358964,-0.010414238542217458,-0.10501514641534837,,,,landmine: share count rising despite buybacks (swallowed by dilution)
LDOS,"Leidos Holdings, Inc.",L3,rejected,15,0.2350170948141807,0.1772373882036593,0.2515806195530436,0.010647955798254172,0.061885287231115305,-0.4535223009587328,,,,quality: gross margin 18% < 30%
LH,LABCORP HOLDINGS INC.,L3,rejected,16,0.24433496459421933,0.28759936065139013,0.06433196360115023,0.04866888447165141,0.07107086767331894,2.4457353083551165,,,,quality: gross margin 29% < 30%; avg ROIC 6% < 12%
LHX,"L3HARRIS TECHNOLOGIES, INC.",L3,rejected,16,0.25496931562042985,0.25903868698710436,0.06779913909682518,0.0710988632655778,0.07717525305962303,2.811637672465507,,,,quality: gross margin 26% < 30%; 10y gross-margin trend declining; avg ROIC 7% < 12%
LII,LENNOX INTERNATIONAL INC,L3,rejected,16,0.3863870390572507,0.3339171943872346,1.4225127194655511,0.1671001318173133,0.032615465451786285,-0.013778162911611784,,,,quality: asset growth 17% > revenue growth 3%
LIN,LINDE PLC,L3,rejected,8,0.2543676486726057,,0.10669963214753794,0.029102086574301467,0.006176060609136114,1.373403752167744,,,,quality: avg ROIC 11% < 12%; asset growth 3% > revenue growth 1%
LITE,Lumentum Holdings Inc.,L3,rejected,0,1.2813238326809113,0.2795744680851064,-0.1309539385740293,0.00450452938806567,-0.013334398405285608,,,,,quality: positive FCF only 0y < 7y; FCF coeff. of variation 1.28 > 0.6; gross margin 28% < 30%; 10y gross-margin trend declining; avg ROIC -13% < 12%; asset growth 0% > revenue growth -1%
LLY,ELI LILLY & Co,L3,rejected,0,,0.8304361834333144,0.2597352008747145,0.31476475918376634,0.31687374880620434,1.2310030395136777,,,,quality: positive FCF only 0y < 7y; FCF coeff. of variation -- > 0.6
LMT,LOCKHEED MARTIN CORPORATION,L3,rejected,17,0.1128258882746288,0.10152169278328536,0.31194966007749814,0.04207756524368733,0.043838941337237536,1.8665321724357613,,,,quality: gross margin 10% < 30%; 10y gross-margin trend declining
LOW,"LOWE’S COMPANIES, INC.",L2,rejected,17,0.276710144516698,0.334758825301903,0.4056518824423601,0.07398067677128828,-0.038458186348783285,3.1454604357333764,,,,landmine: net debt/EBITDA=3.1 > 3.0
LRCX,LAM RESEARCH CORPORATION,L3,rejected,15,0.3259548312671147,0.48705023885591736,0.5936622071451012,0.07471778439023424,0.02285830538778799,-0.30558615100890774,,,,quality: asset growth 7% > revenue growth 2%
LULU,lululemon athletica inc.,L3,rejected,16,0.5403236397176187,0.566005440167168,0.6197931234674526,0.14680579206906486,0.11034694078962404,-0.6676419725857762,,,,quality: asset growth 15% > revenue growth 11%
LUV,SOUTHWEST AIRLINES CO.,L3,rejected,0,50.73390168448986,,0.039912922672379524,-0.06338180307761554,0.056251281802036646,0.8541247484909457,,,,quality: positive FCF only 0y < 7y; FCF coeff. of variation 50.73 > 0.6; operating margin 2% < 20%; avg ROIC 4% < 12%
LYB,LYONDELLBASELL INDUSTRIES N.V.,L3,rejected,13,0.6022505167984143,0.0854641329220973,0.26337027138032015,-0.022137298545075512,-0.1519522947365437,-3.549484536082474,,,,quality: FCF coeff. of variation 0.60 > 0.6; gross margin 9% < 30%; 10y gross-margin trend declining; asset growth -2% > revenue growth -15%
MA,Mastercard Inc,L4,rejected,14,0.3061049096796989,,0.79312891440628,0.1182994958791308,0.1382198495222513,0.42085828343313375,31.115608,0.03607612000538161,,valuation: FCF yield 3.6% < UST 4.6% and P/E 31.12 > 30
MAS,Masco Corporation,L3,rejected,17,0.19861002392225166,0.3542713567839196,0.48954548105466406,0.0008988768884594656,-0.04492168924034623,1.646131805157593,,,,quality: asset growth 0% > revenue growth -4%
MCD,McDONALD’S CORPORATION,L2,rejected,17,0.15039438410087555,,0.28412479100824145,0.05672767649386823,0.05062879536790321,3.1069260700389103,,,,landmine: net debt/EBITDA=3.1 > 3.0
MCHP,Microchip Technology Incorporated,L2,rejected,16,0.4435834805977054,0.5773482421336276,0.10642664144216533,-0.04250969771216484,-0.1764745300112236,4.456588095641852,,,,landmine: net debt/EBITDA=4.5 > 3.0
MCK,McKESSON CORPORATION,L3,rejected,17,0.15660125008293943,0.036065736311132045,13.477691699228018,0.09723060945571071,0.13391523079521161,0.3925219264502231,,,,quality: gross margin 4% < 30%; 10y gross-margin trend declining
MCO,Moody’s Corporation,L4,rejected,17,0.23136701191007134,0.7443638248250842,0.2463169570563605,0.03328413132461061,0.12173969738374057,1.2033411641868963,35.180645,0.030037577634402252,,valuation: FCF yield 3.0% < UST 4.6% and P/E 35.18 > 30
MDLZ,"Mondelez International, Inc.",L3,rejected,17,0.06714020240351502,0.2837532760723461,0.13914375466439566,0.0015247277002856663,0.06956578215167708,-0.4474113330615573,,,,quality: gross margin 28% < 30%; 10y gross-margin trend declining
MDT,Medtronic plc,L3,rejected,12,0.09267823758642686,0.6501759982400176,0.09238764613710636,0.007566014897274487,0.05207603643755454,-0.017082228116710875,,,,quality: 10y gross-margin trend declining; avg ROIC 9% < 12%
META,"Meta Platforms, Inc.",L3,rejected,14,0.3640990616455931,0.8199944269179861,0.2917415277138986,0.2537481922330238,0.19893831442939258,0.22446315706826836,,,,quality: asset growth 25% > revenue growth 20%
MGM,MGM Resorts International,L2,rejected,5,1.350934192512012,,0.16790365448206146,-0.032551818621047945,0.10136235579297104,2.063379207694296,,,,landmine: receivables growth > 2x revenue growth (consecutive)
MKC,"McCORMICK & COMPANY, INCORPORATED",L3,rejected,16,0.2519358367041982,0.3789599871350672,0.08832692855780164,0.001913809921825882,0.02507523864563521,2.702557407265187,,,,quality: 10y gross-margin trend declining; avg ROIC 9% < 12%
MLM,MARTIN MARIETTA MATERIALS INC,L3,rejected,16,0.22100417395602767,0.3071544715447154,0.09764403858890719,0.07662309740543827,-0.000579274034147037,2.5342333654773386,,,,quality: avg ROIC 10% < 12%; asset growth 8% > revenue growth -0%
MMM,3M COMPANY,L3,rejected,17,0.5142877147020606,0.39911014911014914,0.09561675603280693,-0.0669685339042061,-0.10005940774070898,1.2408623884116556,,,,quality: 10y gross-margin trend declining; avg ROIC 10% < 12%; asset growth -7% > revenue growth -10%
MNST,Monster Beverage Corp,L3,rejected,16,0.2982249906969575,0.5584764218214752,0.2642263203450866,0.06398168589813191,0.09536818669323455,-0.6765211865995473,,,,quality: 10y gross-margin trend declining
MOS,MOSAIC CO,L3,rejected,0,1.5948694810813835,0.15780259533370947,0.12948660820301042,0.015357732922594458,-0.1426545439066701,-0.14780378326386662,,,,quality: positive FCF only 0y < 7y; FCF coeff. of variation 1.59 > 0.6; gross margin 16% < 30%; asset growth 2% > revenue growth -14%
MPC,MARATHON PETROLEUM CORPORATION,L3,rejected,5,0.7590284193573565,0.09987264410432634,0.46592391212207446,-0.022562079702208804,-0.09232974945771899,-0.1127187662450182,,,,quality: positive FCF only 5y < 7y; FCF coeff. of variation 0.76 > 0.6; gross margin 10% < 30%; 10y gross-margin trend declining; asset growth -2% > revenue growth -9%
MPWR,MONOLITHIC POWER SYSTEMS INC,L3,rejected,15,0.5915658670023923,0.551787716644466,0.2447003196108618,0.26766835060490957,0.1586149467868072,-1.4072884942565376,,,,quality: asset growth 27% > revenue growth 16%
MRK,"Merck & Co., Inc.",L3,rejected,17,0.34535353478858904,0.7480118749134762,0.19368809009746565,0.07831095142369238,0.03122213027882159,,,,,quality: asset growth 8% > revenue growth 3%
MRNA,"Moderna, Inc.",L3,rejected,0,4.208457907832775,0.5534979423868313,0.2343475007191139,-0.21858223882656425,-0.5344237921336326,,,,,quality: positive FCF only 0y < 7y; FCF coeff. of variation 4.21 > 0.6; 10y gross-margin trend declining; asset growth -22% > revenue growth -53%
MRVL,"Marvell Technology, Inc.",L2,rejected,5,0.2486384788802893,0.5101774339198984,0.0020511557299819436,-0.0035170609644233908,0.11449587642355707,,,,,landmine: share count rising despite buybacks (swallowed by dilution)
MSCI,MSCI INC.,L2,rejected,16,0.2777810042736432,,0.3909715302298409,0.044965877197338244,0.11707823751600754,3.274061988333721,,,,landmine: net debt/EBITDA=3.3 > 3.0
MSFT,MICROSOFT CORPORATION,L3,rejected,16,0.20922501820934997,0.6882374238616519,0.3220382920982904,0.19269693241138652,0.12423114652863054,,,,,quality: asset growth 19% > revenue growth 12%
MSI,"MOTOROLA SOLUTIONS, INC.",L3,rejected,11,0.2113820991717161,0.5166067454203047,0.3307604114860788,0.1480396748155044,0.08634515122371456,2.1236448871960154,,,,quality: asset growth 15% > revenue growth 9%
MTD,Mettler-Toledo International Inc.,L3,rejected,11,0.16800618583149765,0.5937429449987446,0.46865302584278207,0.020594901686538325,0.008991856613079108,,,,,quality: asset growth 2% > revenue growth 1%
MU,"Micron Technology, Inc.",L3,rejected,2,4.498855843525128,0.39790786023864305,0.07954243589805626,0.07697568087168816,0.06713489726936261,0.13524997240922634,,,,quality: positive FCF only 2y < 7y; FCF coeff. of variation 4.50 > 0.6; avg ROIC 8% < 12%
NCLH,NORWEGIAN CRUISE LINE HOLDINGS LTD.,L2,rejected,0,,0.4261907698243883,0.8542110009524544,0.06697022113509354,0.2659644216614605,-0.07708220711456877,,,,landmine: share count rising despite buybacks (swallowed by dilution)
NDAQ,"Nasdaq, Inc.",L2,rejected,16,0.2954696302463782,0.6353183248608085,0.08445247621221945,0.1416708481317508,0.09890131082105791,3.392568659127625,,,,landmine: share count rising despite buybacks (swallowed by dilution); net debt/EBITDA=3.4 > 3.0
NDSN,NORDSON CORPORATION,L3,rejected,16,0.20585854987243912,0.5515604005749928,0.1451777789103217,0.15704038741169235,0.02527440495521427,2.3866476019261964,,,,quality: asset growth 16% > revenue growth 3%
NEE,NEXTERA ENERGY INC,L2,rejected,0,,,0.04833256064439205,0.10203893880799386,0.03903606765713863,6.072947510094212,,,,landmine: share count rising despite buybacks (swallowed by dilution); net debt/EBITDA=6.1 > 3.0
NFLX,NETFLIX INC,L3,rejected,4,1.239887454703861,0.48486575802475956,0.2535844886601813,0.04589301687520231,0.12639718371360664,0.32432595860963903,,,,quality: positive FCF only 4y < 7y; FCF coeff. of variation 1.24 > 0.6
NI,NISOURCE INC.,L2,rejected,0,,,0.1381286933921432,0.10279838317616163,0.043620743711261456,-0.030104232575177328,,,,landmine: share count rising despite buybacks (swallowed by dilution)
NOC,NORTHROP GRUMMAN CORP /DE/,L3,rejected,17,0.23567881843970473,,0.13428511260131742,0.05498678048521244,0.04654085181148626,1.8875146247701822,,,,quality: operating margin 11% < 20%
NOW,"ServiceNow, Inc.",L2,rejected,14,0.47631567993858437,0.7753426720891701,0.12145065881918846,0.2510160423388299,0.22376517864742618,-1.4543325526932085,,,,landmine: share count rising despite buybacks (swallowed by dilution)
NRG,"NRG Energy, Inc",L3,rejected,2,1.2811927412540838,,0.12767834435846528,-6.862476002877926e-05,-0.012227579784717668,-1.4481697939095663,,,,quality: positive FCF only 2y < 7y; FCF coeff. of variation 1.28 > 0.6; operating margin 6% < 20%; asset growth -0% > revenue growth -1%
NSC,NORFOLK SOUTHERN CORP,L3,rejected,17,0.28701836959655497,,0.2477424153031718,0.05172136733624355,-0.015000939727698559,-0.16054966081057576,,,,quality: asset growth 5% > revenue growth -2%
NUE,NUCOR CORPORATION,L3,rejected,0,0.9342345271730128,0.11934510986643689,0.3562185863578501,0.0262434136860632,-0.0784019561652487,,,,,quality: positive FCF only 0y < 7y; FCF coeff. of variation 0.93 > 0.6; gross margin 12% < 30%; asset growth 3% > revenue growth -8%
NVDA,NVIDIA CORP,L3,rejected,4,0.7777928736446837,0.7106808435754708,0.5267542229463299,0.7124443493066548,1.0004509499443963,-0.016039930946483524,,,,quality: positive FCF only 4y < 7y; FCF coeff. of variation 0.78 > 0.6
NXPI,NXP Semiconductors N.V.,L3,rejected,7,0.1414070305952783,0.5473958757844976,0.17024763103888577,0.04557590773465359,-0.02420874805294959,2.308584686774942,,,,quality: asset growth 5% > revenue growth -2%
ODFL,"OLD DOMINION FREIGHT LINE, INC.",L3,rejected,13,0.19234440131883734,,0.3128194866217084,0.04174111151541493,-0.042440148127076416,-0.05799929073411337,,,,quality: asset growth 4% > revenue growth -4%
OKE,ONEOK INC /NEW/,L2,rejected,5,1.2253785865261824,0.3049748728775759,0.08998583006868122,0.3982172243950628,0.14526691913030154,4.399448656099242,,,,landmine: share count rising despite buybacks (swallowed by dilution); net debt/EBITDA=4.4 > 3.0
OMC,OMNICOM GROUP INC.,L2,rejected,17,0.34638114327414504,0.08494143666880888,0.28073866757101007,0.26310373019860034,0.06523414722082599,3.3154976434710286,,,,landmine: net debt/EBITDA=3.3 > 3.0
ON,ON Semiconductor Corporation,L3,rejected,16,0.5653162131395928,0.33090369283117055,0.1791112326868578,0.014957903563105113,-0.10369233936412636,1.0814074266424305,,,,quality: asset growth 1% > revenue growth -10%
ORCL,Oracle Corporation,L2,rejected,0,3.182365284025788,,1.0260603019360581,0.24887226143546615,0.10476732816565715,,,,,landmine: share count rising despite buybacks (swallowed by dilution)
ORLY,O Reilly Automotive Inc,L3,rejected,16,0.2620689111869619,0.5159231316716373,0.6509001003433804,0.09408717396250421,0.07260598606028323,1.4660983493301094,,,,quality: asset growth 9% > revenue growth 7%
OTIS,Otis Worldwide Corporation,L3,rejected,6,0.06027205389697486,,1.7079635287921664,0.027546668834735888,0.017850220319947985,2.8791161178509532,,,,quality: positive FCF only 6y < 7y; operating margin 15% < 20%
OXY,OCCIDENTAL PETROLEUM CORPORATION,L3,rejected,10,0.6821446512156201,0.8861489074526684,0.12212591681346056,0.050549385740624286,-0.15878970938402315,1.6549403747870528,,,,quality: FCF coeff. of variation 0.68 > 0.6; asset growth 5% > revenue growth -16%
PANW,"PALO ALTO NETWORKS, INC",L2,rejected,13,0.4860028712064223,0.734143035297945,0.04355659771405403,0.24376033509237893,0.18788250033170906,-1.430120405976171,,,,landmine: share count rising despite buybacks (swallowed by dilution)
PAYX,"Paychex, Inc.",L3,rejected,17,0.22410022235120414,0.7342527495199251,0.3847898730581941,0.1532112622831303,0.08690416869691475,1.1743252852934205,,,,quality: asset growth 15% > revenue growth 9%
PCG,PG&E CORP,L2,rejected,0,,,0.03084732551824864,0.06075984163265025,0.04773157336794509,,,,,landmine: share count rising despite buybacks (swallowed by dilution)
PEG,PUBLIC SERVICE ENTERPRISE GROUP INC,L3,rejected,1,,,0.045817799954236155,0.05726538325384656,0.07480837487525593,,,,,quality: positive FCF only 1y < 7y; FCF coeff. of variation -- > 0.6; avg ROIC 5% < 12%
PEP,"PepsiCo, Inc.",L3,rejected,17,0.13403657408695213,0.541485227575193,0.1777657301062701,0.052228801672088876,0.028259092561689236,2.6773028296207104,,,,quality: asset growth 5% > revenue growth 3%
PFE,Pfizer Inc.,L2,rejected,17,0.5999715808992486,0.7432525288035923,0.11761514870759673,0.018184432007058327,-0.1455907616196218,3.783352201632604,,,,landmine: net debt/EBITDA=3.8 > 3.0
PG,PROCTER & GAMBLE CO,L2,rejected,16,0.09648448954011368,0.5116036258364577,0.21702454569489577,0.02231530916262514,0.01674893047051751,0.8934672504077603,,,,landmine: receivables growth > 2x revenue growth (consecutive)
PH,PARKER-HANNIFIN CORPORATION,L4,rejected,16,0.241167258190864,0.3685138539042821,0.14126689704977524,0.04367648408073488,0.07763353923653371,,35.408855,0.027613856328353066,,valuation: FCF yield 2.8% < UST 4.6% and P/E 35.41 > 30
PKG,PACKAGING CORP OF AMERICA,L3,rejected,16,0.18890444375463217,0.21020546649906,0.14506076526961223,0.10248775123952725,0.019711899650188602,1.953801568360041,,,,quality: gross margin 21% < 30%; asset growth 10% > revenue growth 2%
PLTR,Palantir Technologies Inc.,L2,rejected,5,1.1213778701806363,0.8236651721415028,0.12589022197491598,0.3700166610076412,0.32917125287657845,-0.9886373736251528,,,,landmine: share count rising despite buybacks (swallowed by dilution)
PNR,Pentair plc,L3,rejected,13,0.32018747474114695,0.4047653256704981,0.13428107667046743,0.021323143910567444,0.004364124986398155,,,,,quality: asset growth 2% > revenue growth 0%
PNW,PINNACLE WEST CAPITAL CORP,L2,rejected,0,,,0.048910683665623865,0.09740857432005412,0.07284582276575913,4.809962473831081,,,,landmine: share count rising despite buybacks (swallowed by dilution); net debt/EBITDA=4.8 > 3.0
PODD,INSULET CORPORATION,L2,rejected,3,2.8788954276649923,0.7163324840293933,0.7931974324483737,0.1232681624414893,0.3690391544535361,-1.2366182204891882,,,,landmine: share count rising despite buybacks (swallowed by dilution)
PPG,PPG INDUSTRIES INC,L3,rejected,17,0.4055356328728008,0.41316535433070867,0.14146959722268412,0.02130036822939707,-0.03474971528826443,1.8269367448471927,,,,quality: asset growth 2% > revenue growth -3%
PTC,PTC Inc.,L2,rejected,16,0.48308057767718765,0.8375515565345831,0.10904613997221395,0.1218054509628963,0.12315411374311114,0.933753591381238,,,,landmine: share count rising despite buybacks (swallowed by dilution)
PWR,"Quanta Services, Inc.",L2,rejected,13,0.5749144604451005,0.1501097782044521,0.1355034051416622,0.22789464469318843,0.18595310976676038,,,,,landmine: share count rising despite buybacks (swallowed by dilution)
PYPL,"PayPal Holdings, Inc.",L3,rejected,11,0.17154330005393603,,0.16678967082856877,0.006127918531126708,0.06426945232818149,0.2757541263517359,,,,quality: operating margin 18% < 20%
QCOM,QUALCOMM INC/DE,L3,rejected,17,0.31574297306134946,0.5542859723602204,0.33507341251996636,0.007619868500263749,0.0006330832838727929,0.6656874686537222,,,,quality: 10y gross-margin trend declining
RCL,ROYAL CARIBBEAN CRUISES LTD,L2,rejected,3,,0.4935600780596599,0.05601388421126197,0.07207769662637742,0.26592369586356646,0.3553108026554013,,,,landmine: share count rising despite buybacks (swallowed by dilution)
REGN,"REGENERON PHARMACEUTICALS, INC.",L3,rejected,13,0.37785736006662834,,0.2022341778780825,0.11556579467014827,0.05620358857997587,-0.2746991459627329,,,,quality: asset growth 12% > revenue growth 6%
RMD,ResMed Inc.,L3,rejected,15,0.6079664647532372,0.5936214313626009,0.19872494434961038,0.17061164100008663,0.12879187738214926,-0.29251909401879994,,,,quality: FCF coeff. of variation 0.61 > 0.6; asset growth 17% > revenue growth 13%
ROK,"Rockwell Automation, Inc.",L4,rejected,17,0.2437103612910825,0.48141932390314074,0.35071087569310083,0.01406264160403592,0.02438220649270817,1.0591715976331362,48.267914,0.026255569775369355,,valuation: FCF yield 2.6% < UST 4.6% and P/E 48.27 > 30
ROL,ROLLINS INC,L3,rejected,16,0.2505912032323118,,0.3513997807997639,0.1395943553592276,0.1173929088277419,0.45385231990145886,,,,quality: operating margin 19% < 20%; asset growth 14% > revenue growth 12%
ROST,"Ross Stores, Inc.",L3,rejected,16,0.22828187688462645,0.2770614559404892,0.7721541952656353,0.05039430911811804,0.06761774010986832,-0.9564895975687246,,,,quality: gross margin 28% < 30%
RSG,"REPUBLIC SERVICES, INC.",L3,rejected,16,0.24582449146234092,0.4195648243023326,0.09881995535808479,0.057579844796841195,0.07084137269482293,2.664972634870993,,,,quality: avg ROIC 10% < 12%
RTX,RTX CORPORATION,L3,rejected,16,0.29683910905446625,,0.06201230008796547,0.02499969593743745,0.09723101071987417,-0.5435736218745431,,,,quality: operating margin 10% < 20%; avg ROIC 6% < 12%
RVTY,"REVVITY, INC",L2,rejected,16,0.6525709564057792,,0.045384980163952385,-0.04859509023398223,-0.04815480072764722,3.018739459956035,,,,landmine: net debt/EBITDA=3.0 > 3.0
SBUX,Starbucks Corporation,L3,rejected,11,0.4531241033172833,,0.9789658801198202,0.045999462200130736,0.048597955054982656,2.7304007986236485,,,,quality: operating margin 8% < 20%
SHW,THE SHERWIN-WILLIAMS COMPANY,L3,rejected,17,0.25271625244963547,0.48847685827362847,0.22576958328444968,0.04659433945983249,0.021007379883363875,,,,,quality: asset growth 5% > revenue growth 2%
SJM,THE J. M. SMUCKER COMPANY,L3,rejected,16,0.24531294269879683,0.3352705255830912,0.023985753792764828,0.02659118491510415,0.0199866543809879,,,,,quality: 10y gross-margin trend declining; avg ROIC 2% < 12%
SLB,SLB LIMITED/NV,L3,rejected,17,0.3167516807120555,,0.13513153600753552,0.08350214609230489,0.08326017106596773,1.300320341697811,,,,quality: operating margin 14% < 20%
SMCI,"SUPER MICRO COMPUTER, INC.",L2,rejected,1,,0.11059154174200105,0.40190309511109135,0.6353860652724463,0.6170781210288652,-3.995312961265663,,,,landmine: share count rising despite buybacks (swallowed by dilution)
SNA,Snap-on Inc,L3,rejected,0,,,0.19278929335236886,0.06455764023306099,0.017641849915392083,-0.3071799186649839,,,,quality: positive FCF only 0y < 7y; FCF coeff. of variation -- > 0.6; asset growth 6% > revenue growth 2%
SNPS,SYNOPSYS INC,L2,rejected,16,0.2778666903295003,0.7698457566565516,0.1886529125436312,0.7235936871923478,0.11553610630615885,6.72640233293152,,,,landmine: share count rising despite buybacks (swallowed by dilution); net debt/EBITDA=6.7 > 3.0
SO,SOUTHERN CO,L2,rejected,0,,,0.1608464256668949,0.049028144906879234,0.003109733900695355,-0.1230942546000751,,,,landmine: share count rising despite buybacks (swallowed by dilution)
SOLV,SOLVENTUM CORPORATION,L3,rejected,0,1.0251572327044025,0.5346546546546547,0.14769496424692996,-0.011274814968527336,0.008601889992730705,1.556928838951311,,,,quality: positive FCF only 0y < 7y; FCF coeff. of variation 1.03 > 0.6
SRE,SEMPRA,L2,rejected,0,,,0.09406691654418765,0.12164521259151595,-0.03273661804283956,-0.004928619986403807,,,,landmine: share count rising despite buybacks (swallowed by dilution)
STE,STERIS plc,L3,rejected,8,0.3755219646958675,0.4424771306794252,0.060792603694721455,-0.0026138693961416104,0.06185378349474391,0.8645721840962035,,,,quality: avg ROIC 6% < 12%
STLD,"Steel Dynamics, Inc.",L3,rejected,1,1.0674570754738177,0.13160797401887628,0.2544719655212733,0.05059385705650521,-0.05398410339197379,1.6974083741743022,,,,quality: positive FCF only 1y < 7y; FCF coeff. of variation 1.07 > 0.6; gross margin 13% < 30%; 10y gross-margin trend declining; asset growth 5% > revenue growth -5%
STZ,"CONSTELLATION BRANDS, INC.",L2,rejected,15,0.07952991763710873,0.5155378050114893,0.08891226501439123,-0.038815369101911856,-0.011183285451378588,3.2450818106576684,,,,landmine: net debt/EBITDA=3.2 > 3.0
SW,Smurfit Westrock plc,L2,rejected,2,0.9720624486442071,0.1938163507489015,0.029575055191105343,0.03194771361319959,0.4770477047704771,2.969547903490279,,,,landmine: share count rising despite buybacks (swallowed by dilution)
SWK,"STANLEY BLACK & DECKER, INC.",L2,rejected,3,2.3733239943217628,0.30325040977105694,0.049123788974020824,-0.05236144623035577,-0.037097214175564996,3.829819972303431,,,,landmine: net debt/EBITDA=3.8 > 3.0
SWKS,"SKYWORKS SOLUTIONS, INC.",L3,rejected,16,0.267618662017174,0.41158335168465093,0.14966440146297105,-0.03731618675564796,-0.09344825684967506,,,,,quality: 10y gross-margin trend declining; asset growth -4% > revenue growth -9%
SYK,STRYKER CORP,L3,rejected,17,0.2935531737497825,0.6396321070234113,0.10106938885321534,0.09059413076316525,0.10830480093614558,1.8343396810651804,,,,quality: avg ROIC 10% < 12%
SYY,Sysco Corporation,L3,rejected,16,0.26902341053738993,0.1839621482118717,2.1409539173978147,0.06627061826256253,0.05836907670903635,-0.26555913711877016,,,,quality: gross margin 18% < 30%
T,AT&T INC.,L3,rejected,17,0.20517265468274323,,0.05017882662957099,0.014150617941154131,0.013367419328691454,2.785806251109927,,,,quality: operating margin 19% < 20%; avg ROIC 5% < 12%
TAP,MOLSON COORS BEVERAGE CO,L3,rejected,17,0.15117330113789948,0.3277992070734569,0.016187945368043983,-0.042076845306645905,0.006022605243306334,,,,,quality: avg ROIC 2% < 12%
TDG,TransDigm Group Incorporated,L2,rejected,16,0.34010769972731947,0.6014041444909977,0.16925896740918295,0.08156645783023198,0.17606144961795578,5.870917917034422,,,,landmine: net debt/EBITDA=5.9 > 3.0
TDY,TELEDYNE TECHNOLOGIES INC,L3,rejected,16,0.3835974458405592,0.4275762828269614,0.0700756120650039,0.021175394166590644,0.03859891847624208,1.4285714285714286,,,,quality: avg ROIC 7% < 12%
TECH,BIO-TECHNE Corp,L4,rejected,15,0.2376786353599417,0.6479577906504815,0.12229039151943588,0.036837701007676804,0.03326268869106985,-0.7644585639004893,102.32857,0.022986873766989647,,valuation: FCF yield 2.3% < UST 4.6% and P/E 102.33 > 30
TEL,TE CONNECTIVITY PLC,L3,rejected,17,0.2786393842667953,0.3521608156644653,0.14742234128950926,0.06468017970529849,0.019694347779123156,1.0963200790318597,,,,quality: asset growth 6% > revenue growth 2%
TER,"TERADYNE, INC.",L2,rejected,16,0.3439160681456732,0.582235431457569,0.3757813635903917,0.06114702346223844,0.003681989032964239,-0.37755645012030353,,,,landmine: receivables growth > 2x revenue growth (consecutive)
TGT,TARGET CORPORATION,L3,rejected,3,0.6869277825163065,0.2793376598587517,0.2081110446763026,0.037075934471108685,-0.013437328806924498,1.0798691067749364,,,,quality: positive FCF only 3y < 7y; FCF coeff. of variation 0.69 > 0.6; gross margin 28% < 30%; 10y gross-margin trend declining; asset growth 4% > revenue growth -1%
TJX,"THE TJX COMPANIES, INC.",L3,rejected,17,0.27709441617428876,0.30963029218843174,0.9111514216306025,0.08055843268323937,0.06530493123671799,-0.38968115942028986,,,,quality: asset growth 8% > revenue growth 7%
TKO,"TKO GROUP HOLDINGS, INC.",L2,rejected,0,,,0.06755424181006728,0.10500397240985127,0.6813714132937783,2.220464316423044,,,,landmine: share count rising despite buybacks (swallowed by dilution)
TMO,THERMO FISHER SCIENTIFIC INC.,L3,rejected,17,0.15707846586286595,,0.09464488037657535,0.0433452274335957,-0.0026714219508328085,,,,,quality: operating margin 17% < 20%; avg ROIC 9% < 12%; asset growth 4% > revenue growth -0%
TMUS,"T-Mobile US, Inc.",L3,rejected,5,1.140618860780433,,0.07592415202035238,0.012306640722595352,0.03534093085617829,2.376726334665115,,,,quality: positive FCF only 5y < 7y; FCF coeff. of variation 1.14 > 0.6; avg ROIC 8% < 12%
TPR,"Tapestry, Inc.",L4,rejected,16,0.4165712895492014,0.7544039824839175,0.2605983689736155,-0.03246107266631981,0.016008836697691153,2.2725385014708426,43.474007,0.03808488919941147,,valuation: FCF yield 3.8% < UST 4.6% and P/E 43.47 > 30
TRGP,TARGA RESOURCES CORP.,L2,rejected,5,16.976326345398768,0.3829213720688501,0.132098896233491,0.10450991095738482,0.12222836104873713,3.5626534612607035,,,,landmine: net debt/EBITDA=3.6 > 3.0
TRMB,TRIMBLE INC.,L3,rejected,16,0.23192701994559597,0.6907423410364341,0.06994430990704784,0.08606570352185683,-0.008135718177214146,1.4380603611567118,,,,quality: avg ROIC 7% < 12%; asset growth 9% > revenue growth -1%
TSCO,TRACTOR SUPPLY CO /DE/,L3,rejected,16,0.271810069913853,0.3642418993089817,0.3509779415867828,0.08797699785898816,0.030047957019021077,0.800889670643418,,,,quality: asset growth 9% > revenue growth 3%
TSLA,"Tesla, Inc.",L3,rejected,7,0.45755184341834726,0.18026511436616155,0.2004638903653819,0.18728761550117912,0.051943257367141005,,,,,quality: gross margin 18% < 30%; 10y gross-margin trend declining; asset growth 19% > revenue growth 5%
TSN,"TYSON FOODS, INC.",L3,rejected,2,0.6659140516970712,0.06542862915817123,0.09459975165127696,-0.0014777900044296022,0.00719878201118096,-0.13071895424836602,,,,quality: positive FCF only 2y < 7y; FCF coeff. of variation 0.67 > 0.6; gross margin 7% < 30%; 10y gross-margin trend declining; avg ROIC 9% < 12%
TT,TRANE TECHNOLOGIES PLC,L3,rejected,17,0.33631734768882293,,0.2308991517536776,0.058113528535667314,0.10063610722538807,0.6565370536639271,,,,quality: operating margin 19% < 20%
TTWO,"Take-Two Interactive Software, Inc.",L2,rejected,1,1.9345255425554952,0.5723363980530016,-0.26961957418678284,-0.16054626983747577,0.07555159639473397,9.994697773064686,,,,landmine: share count rising despite buybacks (swallowed by dilution); net debt/EBITDA=10.0 > 3.0
TXN,TEXAS INSTRUMENTS INCORPORATED,L3,rejected,17,0.49652268266194527,0.5702409229725144,0.3075417515955132,0.08326748524238692,-0.040677564911326236,,,,,quality: 10y gross-margin trend declining; asset growth 8% > revenue growth -4%
TXT,Textron Inc.,L3,rejected,16,0.3014765014205519,,0.15674355370525128,0.03623342563317711,0.04768129392975795,-1.4341359773371105,,,,quality: operating margin 7% < 20%
TYL,"TYLER TECHNOLOGIES, INC.",L2,rejected,15,0.3510100179046199,0.46464066131010057,0.06531709063176584,0.06353994520570883,0.08024951917670409,-0.8381219835737066,,,,landmine: share count rising despite buybacks (swallowed by dilution)
UAL,"United Airlines Holdings, Inc.",L3,rejected,2,5.347862136720319,,0.07429487229285638,0.043099286089446354,0.09529134601036815,2.0026136957658127,,,,quality: positive FCF only 2y < 7y; FCF coeff. of variation 5.35 > 0.6; operating margin 8% < 20%; avg ROIC 7% < 12%
UBER,"UBER TECHNOLOGIES, INC.",L2,rejected,4,3.041917771240616,,0.004587466374988353,0.24391847040514225,0.17730580736694201,0.5436028007638447,,,,landmine: share count rising despite buybacks (swallowed by dilution)
UHS,"UNIVERSAL HEALTH SERVICES, INC.",L3,rejected,16,0.6674533578784694,,0.10058656657437097,0.04789828007777586,0.09025656499826118,1.7662385877299007,,,,quality: FCF coeff. of variation 0.67 > 0.6; operating margin 11% < 20%; avg ROIC 10% < 12%
ULTA,"ULTA BEAUTY, INC.",L2,rejected,14,0.17069175202028783,0.39097025535753765,0.781188059589051,0.09231753167187029,0.06676379680111233,-0.23135092629149662,,,,landmine: receivables growth > 2x revenue growth (consecutive)
UNH,UnitedHealth Group Incorporated,L4,rejected,17,0.15789015586984684,0.8868214144474459,0.17001855386284587,0.08007380884882176,0.11352161443193465,2.3161414790996786,32.85768,0.04056589891275559,,valuation: FCF yield 4.1% < UST 4.6% and P/E 32.86 > 30
UNP,UNION PACIFIC CORP,L3,rejected,17,0.07530849562002084,,0.16118227276523525,0.021188150878943768,-0.004915242301498868,,,,,quality: asset growth 2% > revenue growth -0%
UPS,"United Parcel Service, Inc",L3,rejected,8,0.43542938512125323,,0.24807723416773525,0.009130338184278886,-0.04040260188163358,1.684549553694672,,,,quality: operating margin 9% < 20%; asset growth 1% > revenue growth -4%
URI,"United Rentals, Inc.",L2,rejected,14,0.6807209907388965,1.6627875507442489,0.12605947793280034,0.07289106445529714,0.138938438375652,3.1525988449577964,,,,landmine: net debt/EBITDA=3.2 > 3.0
V,VISA INC.,L4,rejected,17,0.24596745145489465,,0.3790302495253277,0.052289619503345985,0.10921242130254294,0.3175616720869358,31.021795,0.031886636022331424,,valuation: FCF yield 3.2% < UST 4.6% and P/E 31.02 > 30
VLO,VALERO ENERGY CORP/TX,L3,rejected,4,0.8996912288407024,0.044275269588464956,0.19331782918073961,-0.0166408673074514,-0.11397235202184985,0.6388420891407566,,,,quality: positive FCF only 4y < 7y; FCF coeff. of variation 0.90 > 0.6; gross margin 4% < 30%; 10y gross-margin trend declining; asset growth -2% > revenue growth -11%
VLTO,VERALTO CORPORATION,L3,rejected,3,0.08671881598162699,0.599491186625477,0.2678895674357956,0.16245800983378955,0.04689866433374923,0.4738007380073801,,,,quality: positive FCF only 3y < 7y; asset growth 16% > revenue growth 5%
VMC,VULCAN MATERIALS COMPANY,L3,rejected,17,0.2676234121519047,0.2738411555074234,0.08610380070759542,0.05469576424517064,0.027743692765690886,1.7646214264600313,,,,quality: gross margin 27% < 30%; avg ROIC 9% < 12%; asset growth 5% > revenue growth 3%
VRT,Vertiv Holdings Co,L2,rejected,3,1.1199720303172085,0.363170705480992,0.14764602124563103,0.19840034389573957,0.2158543401649824,0.553991488565683,,,,landmine: share count rising despite buybacks (swallowed by dilution)
VRTX,VERTEX PHARMACEUTICALS INC / MA,L3,rejected,1,0.6223672904299151,0.8624065726212994,0.47982946444364855,0.12207931411400463,0.10352183400647985,-1.1600921722068855,,,,quality: positive FCF only 1y < 7y; FCF coeff. of variation 0.62 > 0.6; asset growth 12% > revenue growth 10%
VST,Vistra Corp.,L2,rejected,3,1.2000321018217535,,-0.004692753988159345,0.08215577761557458,0.04006409009702394,4.177286742034943,,,,landmine: net debt/EBITDA=4.2 > 3.0
VTRS,Viatris Inc,L2,rejected,6,0.26336403422992516,0.3518146859035536,-0.005889421467202728,-0.09405910788792815,-0.04219810124733381,96.83062130177515,,,,landmine: net debt/EBITDA=96.8 > 3.0
WAB,WESTINGHOUSE AIR BRAKE TECHNOLOGIES CORPORATION,L3,rejected,16,0.3140594031696516,0.3408256469956121,0.06965738570381057,0.06025865788817053,0.10122345018267498,2.071490845684394,,,,quality: avg ROIC 7% < 12%
WAT,Waters Corporation,L3,rejected,1,,0.5928260511056505,0.33559813010249046,0.15655820303535317,0.021229912681812513,,,,,quality: positive FCF only 1y < 7y; FCF coeff. of variation -- > 0.6; asset growth 16% > revenue growth 2%
WBD,"Warner Bros. Discovery, Inc.",L2,rejected,17,0.3494342690245913,,-0.02190353686213977,-0.09269427469129499,0.0331793709721504,4.381812519464341,,,,landmine: share count rising despite buybacks (swallowed by dilution); net debt/EBITDA=4.4 > 3.0
WDAY,"WORKDAY, INC.",L2,rejected,6,1.2079664360765945,,0.011326854277677814,0.10252340940145155,0.153981043411203,,,,,landmine: share count rising despite buybacks (swallowed by dilution)
WDC,WESTERN DIGITAL CORPORATION,L2,rejected,1,3.636087253540832,0.3878151260504202,0.06421551853088717,-0.18909378301360125,-0.20283734511271823,0.9324955116696589,,,,landmine: share count rising despite buybacks (swallowed by dilution)
WM,"Waste Management, Inc",L3,rejected,17,0.1661328254905539,0.4043802571020473,0.3486902714153276,0.13477062218489544,0.08563152473174229,0.07111978803514155,,,,quality: asset growth 13% > revenue growth 9%
WMB,"WILLIAMS COMPANIES, INC.",L3,rejected,10,0.31945127735347606,,0.2426403220181476,0.06541473581876267,-0.05710038207593171,-0.009628610729023384,,,,quality: asset growth 7% > revenue growth -6%
WMT,WALMART INC.,L3,rejected,17,0.30214809047173924,0.2420935062067091,0.17082221010375262,0.05388562054153945,0.05250406806733099,0.623217043699464,,,,quality: gross margin 24% < 30%; 10y gross-margin trend declining
WSM,"WILLIAMS-SONOMA, INC.",L3,rejected,15,0.3185727524288918,0.46152631239163316,1.0931020602278774,0.05089971319463937,-0.03451718232113232,-0.619122726177185,,,,quality: asset growth 5% > revenue growth -3%
WST,"WEST PHARMACEUTICAL SERVICES, INC.",L3,rejected,16,0.23147985584889388,0.35912950131745874,0.25638986033961575,0.05690136873668816,0.021163814176677676,-0.7781303715456829,,,,quality: asset growth 6% > revenue growth 2%
WYNN,WYNN RESORTS LTD,L2,rejected,3,59.0863685128846,,0.055334708563993903,-0.007686731987930573,0.23855981362120016,5.22327843833614,,,,landmine: net debt/EBITDA=5.2 > 3.0
XEL,XCEL ENERGY INC,L2,rejected,0,,0.6659443529513739,0.09499896667153268,0.09968372687321114,0.015262115477429283,5.685101783462439,,,,landmine: share count rising despite buybacks (swallowed by dilution); net debt/EBITDA=5.7 > 3.0
XYL,Xylem Inc.,L2,rejected,15,0.3455587622729191,0.38461538461538464,0.08791595936383147,0.304041727275451,0.1783579915890725,-0.039488320355951054,,,,landmine: share count rising despite buybacks (swallowed by dilution)
XYZ,"Block, Inc.",L2,rejected,2,1.1203510942537602,0.428208016117265,0.02596492952542167,0.08036298954897214,0.1133377071512014,-3.158949630281987,,,,landmine: share count rising despite buybacks (swallowed by dilution)
ZBH,"ZIMMER BIOMET HOLDINGS, INC.",L2,rejected,17,0.09212011968415132,0.6970539998785155,0.04921893859143478,0.031077418663186807,0.058543208193682306,3.160363155253433,,,,landmine: net debt/EBITDA=3.2 > 3.0
ZBRA,ZEBRA TECHNOLOGIES CORPORATION,L3,rejected,2,0.5472955789771494,0.48054114158636024,0.12546006546228822,0.04134491619723013,-0.02271104500520582,2.685875706214689,,,,quality: positive FCF only 2y < 7y; asset growth 4% > revenue growth -2%
